{
  "action_event_chain": [
    {
      "event_id": "act_001",
      "room_id": "master_bedroom",
      "start_time": "2026-02-18T07:00:00",
      "end_time": "2026-02-18T07:05:00",
      "description": "用户从床上起身。",
      "use_devices": true,
      "devices": [
        "bed_001"
      ],
      "layer5_device_state": {
        "patch_on_start": [
          {
            "timestamp": "2026-02-18T07:00:00",
            "device_id": "bed_001",
            "patch": {}
          }
        ],
        "patch_on_end": []
      }
    },
    {
      "event_id": "act_001",
      "room_id": "master_bedroom",
      "start_time": "2026-02-18T07:05:00",
      "end_time": "2026-02-18T07:08:00",
      "description": "用户拉开遮光窗帘。",
      "use_devices": true,
      "devices": [
        "blackout_curtain_001"
      ],
      "layer5_device_state": {
        "patch_on_start": [
          {
            "timestamp": "2026-02-18T07:05:00",
            "device_id": "blackout_curtain_001",
            "patch": {
              "state": "open"
            }
          }
        ],
        "patch_on_end": [
          {
            "timestamp": "2026-02-18T07:08:00",
            "device_id": "blackout_curtain_001",
            "patch": {
              "state": "open"
            }
          }
        ]
      }
    },
    {
      "event_id": "act_001",
      "room_id": "master_bedroom",
      "start_time": "2026-02-18T07:08:00",
      "end_time": "2026-02-18T07:12:00",
      "description": "用户整理床铺。",
      "use_devices": true,
      "devices": [
        "bed_001"
      ],
      "layer5_device_state": {
        "patch_on_start": [
          {
            "timestamp": "2026-02-18T07:08:00",
            "device_id": "bed_001",
            "patch": {}
          }
        ],
        "patch_on_end": [
          {
            "timestamp": "2026-02-18T07:12:00",
            "device_id": "bed_001",
            "patch": {}
          }
        ]
      }
    },
    {
      "event_id": "act_001",
      "room_id": "master_bedroom",
      "start_time": "2026-02-18T07:12:00",
      "end_time": "2026-02-18T07:15:00",
      "description": "用户从卧室前往浴室。",
      "use_devices": false,
      "devices": [],
      "layer5_device_state": {
        "patch_on_start": [],
        "patch_on_end": []
      }
    },
    {
      "event_id": "act_001",
      "room_id": "bathroom",
      "start_time": "2026-02-18T07:15:00",
      "end_time": "2026-02-18T07:25:00",
      "description": "用户开始在洗手台柜进行洗漱。",
      "use_devices": true,
      "devices": [
        "sink_cabinet_001"
      ],
      "layer5_device_state": {
        "patch_on_start": [
          {
            "timestamp": "2026-02-18T07:15:00",
            "device_id": "sink_cabinet_001",
            "patch": {
              "state": "open"
            }
          }
        ],
        "patch_on_end": [
          {
            "timestamp": "2026-02-18T07:25:00",
            "device_id": "sink_cabinet_001",
            "patch": {
              "state": "open"
            }
          }
        ]
      }
    },
    {
      "event_id": "act_001",
      "room_id": "bathroom",
      "start_time": "2026-02-18T07:25:00",
      "end_time": "2026-02-18T07:30:00",
      "description": "用户完成晨间准备后稍作休息。",
      "use_devices": false,
      "devices": [],
      "layer5_device_state": {
        "patch_on_start": [],
        "patch_on_end": []
      }
    },
    {
      "event_id": "act_002",
      "room_id": "kitchen",
      "start_time": "2026-02-18T07:30:00",
      "end_time": "2026-02-18T07:35:00",
      "description": "从智能冰箱中取出早餐食材并关闭门。",
      "use_devices": true,
      "devices": [
        "smart_fridge_001"
      ],
      "layer5_device_state": {
        "patch_on_start": [
          {
            "timestamp": "2026-02-18T07:30:00",
            "device_id": "smart_fridge_001",
            "patch": {
              "state": "open"
            }
          }
        ],
        "patch_on_end": [
          {
            "timestamp": "2026-02-18T07:35:00",
            "device_id": "smart_fridge_001",
            "patch": {
              "state": "open"
            }
          }
        ]
      }
    },
    {
      "event_id": "act_002",
      "room_id": "kitchen",
      "start_time": "2026-02-18T07:35:00",
      "end_time": "2026-02-18T07:40:00",
      "description": "将食材放入微波炉进行加热。",
      "use_devices": true,
      "devices": [
        "microwave_001"
      ],
      "layer5_device_state": {
        "patch_on_start": [
          {
            "timestamp": "2026-02-18T07:35:00",
            "device_id": "microwave_001",
            "patch": {}
          }
        ],
        "patch_on_end": [
          {
            "timestamp": "2026-02-18T07:40:00",
            "device_id": "microwave_001",
            "patch": {}
          }
        ]
      }
    },
    {
      "event_id": "act_002",
      "room_id": "kitchen",
      "start_time": "2026-02-18T07:40:00",
      "end_time": "2026-02-18T07:45:00",
      "description": "将加热好的早餐摆放在餐桌上准备进餐。",
      "use_devices": true,
      "devices": [
        "dining_table_001"
      ],
      "layer5_device_state": {
        "patch_on_start": [
          {
            "timestamp": "2026-02-18T07:40:00",
            "device_id": "dining_table_001",
            "patch": {}
          }
        ],
        "patch_on_end": [
          {
            "timestamp": "2026-02-18T07:45:00",
            "device_id": "dining_table_001",
            "patch": {}
          }
        ]
      }
    },
    {
      "event_id": "act_002",
      "room_id": "kitchen",
      "start_time": "2026-02-18T07:45:00",
      "end_time": "2026-02-18T08:00:00",
      "description": "在餐桌享用早餐。",
      "use_devices": true,
      "devices": [
        "dining_table_001"
      ],
      "layer5_device_state": {
        "patch_on_start": [
          {
            "timestamp": "2026-02-18T07:45:00",
            "device_id": "dining_table_001",
            "patch": {
              "mode": "place_item"
            }
          }
        ],
        "patch_on_end": [
          {
            "timestamp": "2026-02-18T08:00:00",
            "device_id": "dining_table_001",
            "patch": {
              "mode": "clean"
            }
          }
        ]
      }
    },
    {
      "event_id": "act_003",
      "room_id": "Outside",
      "start_time": "2026-02-18T08:00:00",
      "end_time": "2026-02-18T12:30:00",
      "description": "从家中出发前往公司，准备开始一天的工作。",
      "use_devices": false,
      "devices": [],
      "layer5_device_state": {
        "patch_on_start": [],
        "patch_on_end": []
      }
    },
    {
      "event_id": "act_004",
      "room_id": "Outside",
      "start_time": "2026-02-18T12:30:00",
      "end_time": "2026-02-18T12:40:00",
      "description": "离开办公区域，步行至附近餐厅。",
      "use_devices": false,
      "devices": [],
      "layer5_device_state": {
        "patch_on_start": [],
        "patch_on_end": []
      }
    },
    {
      "event_id": "act_004",
      "room_id": "Outside",
      "start_time": "2026-02-18T12:40:00",
      "end_time": "2026-02-18T12:50:00",
      "description": "在餐厅入座，点选健康饮食菜品。",
      "use_devices": false,
      "devices": [],
      "layer5_device_state": {
        "patch_on_start": [],
        "patch_on_end": []
      }
    },
    {
      "event_id": "act_004",
      "room_id": "Outside",
      "start_time": "2026-02-18T12:50:00",
      "end_time": "2026-02-18T13:20:00",
      "description": "享用午餐，与同事交流。",
      "use_devices": false,
      "devices": [],
      "layer5_device_state": {
        "patch_on_start": [],
        "patch_on_end": []
      }
    },
    {
      "event_id": "act_004",
      "room_id": "Outside",
      "start_time": "2026-02-18T13:20:00",
      "end_time": "2026-02-18T13:30:00",
      "description": "午餐结束，返回办公区域。",
      "use_devices": false,
      "devices": [],
      "layer5_device_state": {
        "patch_on_start": [],
        "patch_on_end": []
      }
    },
    {
      "event_id": "act_005",
      "room_id": "Outside",
      "start_time": "2026-02-18T13:30:00",
      "end_time": "2026-02-18T15:30:00",
      "description": "返回工作场所，展开品牌营销相关任务。",
      "use_devices": false,
      "devices": [],
      "layer5_device_state": {
        "patch_on_start": [],
        "patch_on_end": []
      }
    },
    {
      "event_id": "act_005",
      "room_id": "Outside",
      "start_time": "2026-02-18T15:30:00",
      "end_time": "2026-02-18T15:40:00",
      "description": "与团队进行协作，完成任务规划与执行。",
      "use_devices": false,
      "devices": [],
      "layer5_device_state": {
        "patch_on_start": [],
        "patch_on_end": []
      }
    },
    {
      "event_id": "act_005",
      "room_id": "Outside",
      "start_time": "2026-02-18T15:40:00",
      "end_time": "2026-02-18T15:50:00",
      "description": "短暂休息，调整状态。",
      "use_devices": false,
      "devices": [],
      "layer5_device_state": {
        "patch_on_start": [],
        "patch_on_end": []
      }
    },
    {
      "event_id": "act_005",
      "room_id": "Outside",
      "start_time": "2026-02-18T15:50:00",
      "end_time": "2026-02-18T17:30:00",
      "description": "完成剩余任务，并总结工作成果。",
      "use_devices": false,
      "devices": [],
      "layer5_device_state": {
        "patch_on_start": [],
        "patch_on_end": []
      }
    },
    {
      "event_id": "act_006",
      "room_id": "Outside",
      "start_time": "2026-02-18T17:30:00",
      "end_time": "2026-02-18T18:30:00",
      "description": "通勤回家，从工作地点返回家中。",
      "use_devices": false,
      "devices": [],
      "layer5_device_state": {
        "patch_on_start": [],
        "patch_on_end": []
      }
    },
    {
      "event_id": "act_007",
      "room_id": "Outside",
      "start_time": "2026-02-18T18:30:00",
      "end_time": "2026-02-18T20:00:00",
      "description": "前往健身房进行力量训练。",
      "use_devices": false,
      "devices": [],
      "layer5_device_state": {
        "patch_on_start": [],
        "patch_on_end": []
      }
    },
    {
      "event_id": "act_008",
      "room_id": "kitchen",
      "start_time": "2026-02-18T20:00:00",
      "end_time": "2026-02-18T20:05:00",
      "description": "从外部进入厨房准备晚餐。",
      "use_devices": false,
      "devices": [],
      "layer5_device_state": {
        "patch_on_start": [],
        "patch_on_end": []
      }
    },
    {
      "event_id": "act_008",
      "room_id": "kitchen",
      "start_time": "2026-02-18T20:05:00",
      "end_time": "2026-02-18T20:35:00",
      "description": "使用厨具准备低糖日式料理。",
      "use_devices": true,
      "devices": [
        "kitchen_utensils"
      ],
      "layer5_device_state": {
        "patch_on_start": [
          {
            "timestamp": "2026-02-18T20:05:00",
            "device_id": "kitchen_utensils",
            "patch": {
              "power": "on"
            }
          }
        ],
        "patch_on_end": [
          {
            "timestamp": "2026-02-18T20:35:00",
            "device_id": "kitchen_utensils",
            "patch": {
              "power": "off"
            }
          }
        ]
      }
    },
    {
      "event_id": "act_008",
      "room_id": "dining_room",
      "start_time": "2026-02-18T20:35:00",
      "end_time": "2026-02-18T20:40:00",
      "description": "从厨房移动到餐厅开始用餐。",
      "use_devices": false,
      "devices": [],
      "layer5_device_state": {
        "patch_on_start": [],
        "patch_on_end": []
      }
    },
    {
      "event_id": "act_008",
      "room_id": "dining_room",
      "start_time": "2026-02-18T20:40:00",
      "end_time": "2026-02-18T21:00:00",
      "description": "享用低糖日式料理，补充营养。",
      "use_devices": true,
      "devices": [
        "dining_table",
        "meal_set"
      ],
      "layer5_device_state": {
        "patch_on_start": [
          {
            "timestamp": "2026-02-18T20:40:00",
            "device_id": "dining_table",
            "patch": {
              "power": "on"
            }
          },
          {
            "timestamp": "2026-02-18T20:40:00",
            "device_id": "meal_set",
            "patch": {
              "power": "on"
            }
          }
        ],
        "patch_on_end": [
          {
            "timestamp": "2026-02-18T21:00:00",
            "device_id": "dining_table",
            "patch": {
              "power": "off"
            }
          },
          {
            "timestamp": "2026-02-18T21:00:00",
            "device_id": "meal_set",
            "patch": {
              "power": "off"
            }
          }
        ]
      }
    },
    {
      "event_id": "act_009",
      "room_id": "living_room",
      "start_time": "2026-02-18T21:00:00",
      "end_time": "2026-02-18T21:05:00",
      "description": "打开智能电视并选择纪录片进行播放。",
      "use_devices": true,
      "devices": [
        "smart_tv_001"
      ],
      "layer5_device_state": {
        "patch_on_start": [
          {
            "timestamp": "2026-02-18T21:00:00",
            "device_id": "smart_tv_001",
            "patch": {
              "power": "on",
              "mode": "watch_movie"
            }
          }
        ],
        "patch_on_end": [
          {
            "timestamp": "2026-02-18T21:05:00",
            "device_id": "smart_tv_001",
            "patch": {
              "power": "off"
            }
          }
        ]
      }
    },
    {
      "event_id": "act_009",
      "room_id": "living_room",
      "start_time": "2026-02-18T21:05:00",
      "end_time": "2026-02-18T21:30:00",
      "description": "坐在沙发上观看纪录片，轻松享受时光。",
      "use_devices": true,
      "devices": [
        "sofa_001"
      ],
      "layer5_device_state": {
        "patch_on_start": [
          {
            "timestamp": "2026-02-18T21:05:00",
            "device_id": "sofa_001",
            "patch": {
              "mode": "sit"
            }
          }
        ],
        "patch_on_end": [
          {
            "timestamp": "2026-02-18T21:30:00",
            "device_id": "sofa_001",
            "patch": {
              "mode": "stand_up"
            }
          }
        ]
      }
    },
    {
      "event_id": "act_009",
      "room_id": "living_room",
      "start_time": "2026-02-18T21:30:00",
      "end_time": "2026-02-18T22:30:00",
      "description": "使用音响系统播放背景音乐，营造舒适氛围。",
      "use_devices": true,
      "devices": [
        "sound_system_001"
      ],
      "layer5_device_state": {
        "patch_on_start": [
          {
            "timestamp": "2026-02-18T21:30:00",
            "device_id": "sound_system_001",
            "patch": {
              "power": "on"
            }
          }
        ],
        "patch_on_end": [
          {
            "timestamp": "2026-02-18T22:30:00",
            "device_id": "sound_system_001",
            "patch": {
              "power": "off"
            }
          }
        ]
      }
    },
    {
      "event_id": "act_009",
      "room_id": "living_room",
      "start_time": "2026-02-18T22:30:00",
      "end_time": "2026-02-18T23:00:00",
      "description": "开启游戏机进行娱乐活动，放松心情。",
      "use_devices": true,
      "devices": [
        "game_console_001"
      ],
      "layer5_device_state": {
        "patch_on_start": [
          {
            "timestamp": "2026-02-18T22:30:00",
            "device_id": "game_console_001",
            "patch": {
              "power": "on"
            }
          }
        ],
        "patch_on_end": [
          {
            "timestamp": "2026-02-18T23:00:00",
            "device_id": "game_console_001",
            "patch": {
              "power": "off"
            }
          }
        ]
      }
    },
    {
      "event_id": "act_009",
      "room_id": "living_room",
      "start_time": "2026-02-18T23:00:00",
      "end_time": "2026-02-18T23:30:00",
      "description": "躺在沙发上，享受片刻的安静与放松。",
      "use_devices": true,
      "devices": [
        "sofa_001"
      ],
      "layer5_device_state": {
        "patch_on_start": [
          {
            "timestamp": "2026-02-18T23:00:00",
            "device_id": "sofa_001",
            "patch": {}
          }
        ],
        "patch_on_end": [
          {
            "timestamp": "2026-02-18T23:30:00",
            "device_id": "sofa_001",
            "patch": {}
          }
        ]
      }
    },
    {
      "event_id": "act_010",
      "room_id": "master_bedroom",
      "start_time": "2026-02-18T23:30:00",
      "end_time": "2026-02-18T23:35:00",
      "description": "拉上遮光窗帘，营造适合睡眠的环境。",
      "use_devices": true,
      "devices": [
        "blackout_curtain_001"
      ],
      "layer5_device_state": {
        "patch_on_start": [
          {
            "timestamp": "2026-02-18T23:30:00",
            "device_id": "blackout_curtain_001",
            "patch": {
              "state": "closed"
            }
          }
        ],
        "patch_on_end": [
          {
            "timestamp": "2026-02-18T23:35:00",
            "device_id": "blackout_curtain_001",
            "patch": {}
          }
        ]
      }
    },
    {
      "event_id": "act_010",
      "room_id": "master_bedroom",
      "start_time": "2026-02-18T23:35:00",
      "end_time": "2026-02-18T23:40:00",
      "description": "开启空气净化器，调整到睡眠模式。",
      "use_devices": true,
      "devices": [
        "air_purifier_001"
      ],
      "layer5_device_state": {
        "patch_on_start": [
          {
            "timestamp": "2026-02-18T23:35:00",
            "device_id": "air_purifier_001",
            "patch": {
              "power": "on",
              "mode": "sleep"
            }
          }
        ],
        "patch_on_end": [
          {
            "timestamp": "2026-02-18T23:40:00",
            "device_id": "air_purifier_001",
            "patch": {
              "power": "off"
            }
          }
        ]
      }
    },
    {
      "event_id": "act_010",
      "room_id": "master_bedroom",
      "start_time": "2026-02-18T23:40:00",
      "end_time": "2026-02-18T23:45:00",
      "description": "将智能台灯调至昏暗模式，营造舒适的氛围。",
      "use_devices": true,
      "devices": [
        "smart_lamp_001"
      ],
      "layer5_device_state": {
        "patch_on_start": [
          {
            "timestamp": "2026-02-18T23:40:00",
            "device_id": "smart_lamp_001",
            "patch": {
              "power": "on",
              "brightness": "dim"
            }
          }
        ],
        "patch_on_end": []
      }
    },
    {
      "event_id": "act_010",
      "room_id": "master_bedroom",
      "start_time": "2026-02-18T23:45:00",
      "end_time": "2026-02-19T07:00:00",
      "description": "躺在床上，准备入睡。",
      "use_devices": true,
      "devices": [
        "bed_001"
      ],
      "layer5_device_state": {
        "patch_on_start": [
          {
            "timestamp": "2026-02-18T23:45:00",
            "device_id": "bed_001",
            "patch": {}
          }
        ],
        "patch_on_end": [
          {
            "timestamp": "2026-02-19T07:00:00",
            "device_id": "bed_001",
            "patch": {}
          }
        ]
      }
    }
  ]
}