{
  "action_event_chain": [
    {
      "event_id": "act_001",
      "room_id": "master_bedroom",
      "start_time": "2026-02-09T07:00:00",
      "end_time": "2026-02-09T07:05:00",
      "description": "The resident gets up from the bed.",
      "use_devices": true,
      "devices": [
        "bed_001"
      ],
      "layer5_device_state": {
        "patch_on_start": [
          {
            "timestamp": "2026-02-09T07:00:00",
            "device_id": "bed_001",
            "patch": {}
          }
        ],
        "patch_on_end": [
          {
            "timestamp": "2026-02-09T07:05:00",
            "device_id": "bed_001",
            "patch": {}
          }
        ]
      }
    },
    {
      "event_id": "act_001",
      "room_id": "master_bedroom",
      "start_time": "2026-02-09T07:05:00",
      "end_time": "2026-02-09T07:10:00",
      "description": "The resident opens the blackout curtains to let in sunlight.",
      "use_devices": true,
      "devices": [
        "blackout_curtain_001"
      ],
      "layer5_device_state": {
        "patch_on_start": [
          {
            "timestamp": "2026-02-09T07:05:00",
            "device_id": "blackout_curtain_001",
            "patch": {
              "state": "open"
            }
          }
        ],
        "patch_on_end": [
          {
            "timestamp": "2026-02-09T07:10:00",
            "device_id": "blackout_curtain_001",
            "patch": {
              "state": "open"
            }
          }
        ]
      }
    },
    {
      "event_id": "act_001",
      "room_id": "master_bedroom",
      "start_time": "2026-02-09T07:10:00",
      "end_time": "2026-02-09T07:25:00",
      "description": "The resident prepares for the morning routine within the bedroom.",
      "use_devices": false,
      "devices": [],
      "layer5_device_state": {
        "patch_on_start": [],
        "patch_on_end": []
      }
    },
    {
      "event_id": "act_001",
      "room_id": "master_bedroom",
      "start_time": "2026-02-09T07:25:00",
      "end_time": "2026-02-09T07:30:00",
      "description": "The resident organizes items on the nightstand.",
      "use_devices": true,
      "devices": [
        "nightstand_001"
      ],
      "layer5_device_state": {
        "patch_on_start": [
          {
            "timestamp": "2026-02-09T07:25:00",
            "device_id": "nightstand_001",
            "patch": {}
          }
        ],
        "patch_on_end": [
          {
            "timestamp": "2026-02-09T07:30:00",
            "device_id": "nightstand_001",
            "patch": {}
          }
        ]
      }
    },
    {
      "event_id": "act_002",
      "room_id": "kitchen",
      "start_time": "2026-02-09T07:30:00",
      "end_time": "2026-02-09T07:32:00",
      "description": "The resident moves from the bedroom to the kitchen to prepare breakfast.",
      "use_devices": false,
      "devices": [],
      "layer5_device_state": {
        "patch_on_start": [],
        "patch_on_end": []
      }
    },
    {
      "event_id": "act_002",
      "room_id": "kitchen",
      "start_time": "2026-02-09T07:32:00",
      "end_time": "2026-02-09T07:35:00",
      "description": "The resident opens the smart fridge to retrieve ingredients.",
      "use_devices": true,
      "devices": [
        "smart_fridge_001"
      ],
      "layer5_device_state": {
        "patch_on_start": [
          {
            "timestamp": "2026-02-09T07:32:00",
            "device_id": "smart_fridge_001",
            "patch": {
              "state": "open"
            }
          }
        ],
        "patch_on_end": [
          {
            "timestamp": "2026-02-09T07:35:00",
            "device_id": "smart_fridge_001",
            "patch": {
              "state": "closed"
            }
          }
        ]
      }
    },
    {
      "event_id": "act_002",
      "room_id": "kitchen",
      "start_time": "2026-02-09T07:35:00",
      "end_time": "2026-02-09T07:36:00",
      "description": "The resident closes the smart fridge after retrieving ingredients.",
      "use_devices": true,
      "devices": [
        "smart_fridge_001"
      ],
      "layer5_device_state": {
        "patch_on_start": [
          {
            "timestamp": "2026-02-09T07:35:00",
            "device_id": "smart_fridge_001",
            "patch": {
              "state": "open"
            }
          }
        ],
        "patch_on_end": [
          {
            "timestamp": "2026-02-09T07:36:00",
            "device_id": "smart_fridge_001",
            "patch": {
              "state": "open"
            }
          }
        ]
      }
    },
    {
      "event_id": "act_002",
      "room_id": "kitchen",
      "start_time": "2026-02-09T07:36:00",
      "end_time": "2026-02-09T07:45:00",
      "description": "The resident prepares breakfast using ingredients on the dining table.",
      "use_devices": true,
      "devices": [
        "dining_table_001"
      ],
      "layer5_device_state": {
        "patch_on_start": [
          {
            "timestamp": "2026-02-09T07:36:00",
            "device_id": "dining_table_001",
            "patch": {}
          }
        ],
        "patch_on_end": [
          {
            "timestamp": "2026-02-09T07:45:00",
            "device_id": "dining_table_001",
            "patch": {}
          }
        ]
      }
    },
    {
      "event_id": "act_002",
      "room_id": "kitchen",
      "start_time": "2026-02-09T07:45:00",
      "end_time": "2026-02-09T07:55:00",
      "description": "The resident enjoys breakfast at the dining table.",
      "use_devices": true,
      "devices": [
        "dining_table_001"
      ],
      "layer5_device_state": {
        "patch_on_start": [
          {
            "timestamp": "2026-02-09T07:45:00",
            "device_id": "dining_table_001",
            "patch": {}
          }
        ],
        "patch_on_end": [
          {
            "timestamp": "2026-02-09T07:55:00",
            "device_id": "dining_table_001",
            "patch": {}
          }
        ]
      }
    },
    {
      "event_id": "act_002",
      "room_id": "kitchen",
      "start_time": "2026-02-09T07:55:00",
      "end_time": "2026-02-09T08:00:00",
      "description": "The resident cleans the dining table after breakfast.",
      "use_devices": true,
      "devices": [
        "dining_table_001"
      ],
      "layer5_device_state": {
        "patch_on_start": [
          {
            "timestamp": "2026-02-09T07:55:00",
            "device_id": "dining_table_001",
            "patch": {}
          }
        ],
        "patch_on_end": [
          {
            "timestamp": "2026-02-09T08:00:00",
            "device_id": "dining_table_001",
            "patch": {}
          }
        ]
      }
    },
    {
      "event_id": "act_003",
      "room_id": "study_room",
      "start_time": "2026-02-09T08:00:00",
      "end_time": "2026-02-09T08:05:00",
      "description": "The resident adjusts the ergonomic chair for comfortable seating.",
      "use_devices": true,
      "devices": [
        "ergonomic_chair_001"
      ],
      "layer5_device_state": {
        "patch_on_start": [
          {
            "timestamp": "2026-02-09T08:00:00",
            "device_id": "ergonomic_chair_001",
            "patch": {
              "power": "on",
              "mode": "adjust"
            }
          }
        ],
        "patch_on_end": [
          {
            "timestamp": "2026-02-09T08:05:00",
            "device_id": "ergonomic_chair_001",
            "patch": {
              "power": "off"
            }
          }
        ]
      }
    },
    {
      "event_id": "act_003",
      "room_id": "study_room",
      "start_time": "2026-02-09T08:05:00",
      "end_time": "2026-02-09T08:10:00",
      "description": "The resident powers on the dual monitor and adjusts its settings.",
      "use_devices": true,
      "devices": [
        "dual_monitor_001"
      ],
      "layer5_device_state": {
        "patch_on_start": [
          {
            "timestamp": "2026-02-09T08:05:00",
            "device_id": "dual_monitor_001",
            "patch": {
              "power": "on",
              "brightness": "75"
            }
          }
        ],
        "patch_on_end": [
          {
            "timestamp": "2026-02-09T08:10:00",
            "device_id": "dual_monitor_001",
            "patch": {
              "power": "off"
            }
          }
        ]
      }
    },
    {
      "event_id": "act_003",
      "room_id": "study_room",
      "start_time": "2026-02-09T08:10:00",
      "end_time": "2026-02-09T08:20:00",
      "description": "The resident organizes the desk, arranging items neatly.",
      "use_devices": true,
      "devices": [
        "desk_001"
      ],
      "layer5_device_state": {
        "patch_on_start": [
          {
            "timestamp": "2026-02-09T08:10:00",
            "device_id": "desk_001",
            "patch": {
              "power": "on",
              "mode": "organize"
            }
          }
        ],
        "patch_on_end": [
          {
            "timestamp": "2026-02-09T08:20:00",
            "device_id": "desk_001",
            "patch": {
              "power": "off"
            }
          }
        ]
      }
    },
    {
      "event_id": "act_003",
      "room_id": "study_room",
      "start_time": "2026-02-09T08:20:00",
      "end_time": "2026-02-09T08:40:00",
      "description": "The resident checks emails on the dual monitor.",
      "use_devices": true,
      "devices": [
        "dual_monitor_001"
      ],
      "layer5_device_state": {
        "patch_on_start": [
          {
            "timestamp": "2026-02-09T08:20:00",
            "device_id": "dual_monitor_001",
            "patch": {
              "power": "on"
            }
          }
        ],
        "patch_on_end": [
          {
            "timestamp": "2026-02-09T08:40:00",
            "device_id": "dual_monitor_001",
            "patch": {
              "power": "off"
            }
          }
        ]
      }
    },
    {
      "event_id": "act_003",
      "room_id": "study_room",
      "start_time": "2026-02-09T08:40:00",
      "end_time": "2026-02-09T08:50:00",
      "description": "The resident prints documents needed for the day's tasks.",
      "use_devices": true,
      "devices": [
        "printer_001"
      ],
      "layer5_device_state": {
        "patch_on_start": [
          {
            "timestamp": "2026-02-09T08:40:00",
            "device_id": "printer_001",
            "patch": {}
          }
        ],
        "patch_on_end": [
          {
            "timestamp": "2026-02-09T08:50:00",
            "device_id": "printer_001",
            "patch": {}
          }
        ]
      }
    },
    {
      "event_id": "act_003",
      "room_id": "study_room",
      "start_time": "2026-02-09T08:50:00",
      "end_time": "2026-02-09T09:00:00",
      "description": "The resident plays soft background music to enhance concentration.",
      "use_devices": true,
      "devices": [
        "smart_speaker_001"
      ],
      "layer5_device_state": {
        "patch_on_start": [
          {
            "timestamp": "2026-02-09T08:50:00",
            "device_id": "smart_speaker_001",
            "patch": {
              "power": "on"
            }
          }
        ],
        "patch_on_end": [
          {
            "timestamp": "2026-02-09T09:00:00",
            "device_id": "smart_speaker_001",
            "patch": {
              "power": "off"
            }
          }
        ]
      }
    },
    {
      "event_id": "act_004",
      "room_id": "Outside",
      "start_time": "2026-02-09T09:00:00",
      "end_time": "2026-02-09T12:00:00",
      "description": "Attend the project meeting scheduled at the office.",
      "use_devices": false,
      "devices": [],
      "layer5_device_state": {
        "patch_on_start": [],
        "patch_on_end": []
      }
    },
    {
      "event_id": "act_005",
      "room_id": "Outside",
      "start_time": "2026-02-09T12:00:00",
      "end_time": "2026-02-09T12:30:00",
      "description": "Lunch at a nearby restaurant.",
      "use_devices": false,
      "devices": [],
      "layer5_device_state": {
        "patch_on_start": [],
        "patch_on_end": []
      }
    },
    {
      "event_id": "act_006",
      "room_id": "living_room",
      "start_time": "2026-02-09T12:30:00",
      "end_time": "2026-02-09T12:45:00",
      "description": "Prepare workstation with available tools for afternoon tasks.",
      "use_devices": true,
      "devices": [
        "desk_001",
        "laptop_001"
      ],
      "layer5_device_state": {
        "patch_on_start": [
          {
            "timestamp": "2026-02-09T12:30:00",
            "device_id": "desk_001",
            "patch": {}
          },
          {
            "timestamp": "2026-02-09T12:30:00",
            "device_id": "laptop_001",
            "patch": {
              "power": "on"
            }
          }
        ],
        "patch_on_end": [
          {
            "timestamp": "2026-02-09T12:45:00",
            "device_id": "laptop_001",
            "patch": {
              "power": "off"
            }
          }
        ]
      }
    },
    {
      "event_id": "act_006",
      "room_id": "living_room",
      "start_time": "2026-02-09T12:45:00",
      "end_time": "2026-02-09T15:30:00",
      "description": "Focus on report creation and analysis using laptop.",
      "use_devices": true,
      "devices": [
        "laptop_001"
      ],
      "layer5_device_state": {
        "patch_on_start": [
          {
            "timestamp": "2026-02-09T12:45:00",
            "device_id": "laptop_001",
            "patch": {
              "power": "on"
            }
          }
        ],
        "patch_on_end": [
          {
            "timestamp": "2026-02-09T15:30:00",
            "device_id": "laptop_001",
            "patch": {
              "power": "off"
            }
          }
        ]
      }
    },
    {
      "event_id": "act_006",
      "room_id": "living_room",
      "start_time": "2026-02-09T15:30:00",
      "end_time": "2026-02-09T15:45:00",
      "description": "Take a short break and relax.",
      "use_devices": false,
      "devices": [],
      "layer5_device_state": {
        "patch_on_start": [],
        "patch_on_end": []
      }
    },
    {
      "event_id": "act_006",
      "room_id": "living_room",
      "start_time": "2026-02-09T15:45:00",
      "end_time": "2026-02-09T17:45:00",
      "description": "Engage in team discussions on strategies via online platform.",
      "use_devices": true,
      "devices": [
        "laptop_001"
      ],
      "layer5_device_state": {
        "patch_on_start": [
          {
            "timestamp": "2026-02-09T15:45:00",
            "device_id": "laptop_001",
            "patch": {
              "power": "on",
              "mode": "online"
            }
          }
        ],
        "patch_on_end": [
          {
            "timestamp": "2026-02-09T17:45:00",
            "device_id": "laptop_001",
            "patch": {
              "power": "off"
            }
          }
        ]
      }
    },
    {
      "event_id": "act_006",
      "room_id": "living_room",
      "start_time": "2026-02-09T17:45:00",
      "end_time": "2026-02-09T18:00:00",
      "description": "Organize the workspace and conclude the day's tasks.",
      "use_devices": false,
      "devices": [],
      "layer5_device_state": {
        "patch_on_start": [],
        "patch_on_end": []
      }
    },
    {
      "event_id": "act_007",
      "room_id": "kitchen",
      "start_time": "2026-02-09T18:00:00",
      "end_time": "2026-02-09T18:01:00",
      "description": "Enter the kitchen to prepare a light snack.",
      "use_devices": false,
      "devices": [],
      "layer5_device_state": {
        "patch_on_start": [],
        "patch_on_end": []
      }
    },
    {
      "event_id": "act_007",
      "room_id": "kitchen",
      "start_time": "2026-02-09T18:01:00",
      "end_time": "2026-02-09T18:04:00",
      "description": "Open the refrigerator to retrieve ingredients.",
      "use_devices": true,
      "devices": [
        "smart_fridge_001"
      ],
      "layer5_device_state": {
        "patch_on_start": [
          {
            "timestamp": "2026-02-09T18:01:00",
            "device_id": "smart_fridge_001",
            "patch": {
              "state": "open"
            }
          }
        ],
        "patch_on_end": [
          {
            "timestamp": "2026-02-09T18:04:00",
            "device_id": "smart_fridge_001",
            "patch": {
              "state": "closed"
            }
          }
        ]
      }
    },
    {
      "event_id": "act_007",
      "room_id": "kitchen",
      "start_time": "2026-02-09T18:04:00",
      "end_time": "2026-02-09T18:07:00",
      "description": "Place ingredients on the dining table.",
      "use_devices": true,
      "devices": [
        "dining_table_001"
      ],
      "layer5_device_state": {
        "patch_on_start": [
          {
            "timestamp": "2026-02-09T18:04:00",
            "device_id": "dining_table_001",
            "patch": {
              "mode": "place_item"
            }
          }
        ],
        "patch_on_end": [
          {
            "timestamp": "2026-02-09T18:07:00",
            "device_id": "dining_table_001",
            "patch": {
              "mode": "idle"
            }
          }
        ]
      }
    },
    {
      "event_id": "act_007",
      "room_id": "kitchen",
      "start_time": "2026-02-09T18:07:00",
      "end_time": "2026-02-09T18:10:00",
      "description": "Clean up and organize the workspace.",
      "use_devices": true,
      "devices": [
        "dining_table_001"
      ],
      "layer5_device_state": {
        "patch_on_start": [
          {
            "timestamp": "2026-02-09T18:07:00",
            "device_id": "dining_table_001",
            "patch": {}
          }
        ],
        "patch_on_end": [
          {
            "timestamp": "2026-02-09T18:10:00",
            "device_id": "dining_table_001",
            "patch": {}
          }
        ]
      }
    },
    {
      "event_id": "act_007",
      "room_id": "kitchen",
      "start_time": "2026-02-09T18:10:00",
      "end_time": "2026-02-09T18:30:00",
      "description": "Sit idle for a moment, enjoying the snack.",
      "use_devices": false,
      "devices": [],
      "layer5_device_state": {
        "patch_on_start": [],
        "patch_on_end": []
      }
    },
    {
      "event_id": "act_008",
      "room_id": "Outside",
      "start_time": "2026-02-09T18:30:00",
      "end_time": "2026-02-09T20:00:00",
      "description": "Participated in a gym session for fitness training.",
      "use_devices": false,
      "devices": [],
      "layer5_device_state": {
        "patch_on_start": [],
        "patch_on_end": []
      }
    },
    {
      "event_id": "act_009",
      "room_id": "kitchen",
      "start_time": "2026-02-09T20:00:00",
      "end_time": "2026-02-09T20:03:00",
      "description": "Opened the smart fridge to retrieve ingredients for dinner.",
      "use_devices": true,
      "devices": [
        "smart_fridge_001"
      ],
      "layer5_device_state": {
        "patch_on_start": [
          {
            "timestamp": "2026-02-09T20:00:00",
            "device_id": "smart_fridge_001",
            "patch": {
              "state": "open"
            }
          }
        ],
        "patch_on_end": [
          {
            "timestamp": "2026-02-09T20:03:00",
            "device_id": "smart_fridge_001",
            "patch": {
              "state": "closed"
            }
          }
        ]
      }
    },
    {
      "event_id": "act_009",
      "room_id": "kitchen",
      "start_time": "2026-02-09T20:03:00",
      "end_time": "2026-02-09T20:05:00",
      "description": "Opened the kitchen cabinet to retrieve necessary utensils.",
      "use_devices": true,
      "devices": [
        "kitchen_cabinet_001"
      ],
      "layer5_device_state": {
        "patch_on_start": [
          {
            "timestamp": "2026-02-09T20:03:00",
            "device_id": "kitchen_cabinet_001",
            "patch": {
              "state": "open"
            }
          }
        ],
        "patch_on_end": [
          {
            "timestamp": "2026-02-09T20:05:00",
            "device_id": "kitchen_cabinet_001",
            "patch": {
              "state": "closed"
            }
          }
        ]
      }
    },
    {
      "event_id": "act_009",
      "room_id": "kitchen",
      "start_time": "2026-02-09T20:05:00",
      "end_time": "2026-02-09T20:10:00",
      "description": "Placed ingredients and utensils on the dining table to arrange for cooking.",
      "use_devices": true,
      "devices": [
        "dining_table_001"
      ],
      "layer5_device_state": {
        "patch_on_start": [
          {
            "timestamp": "2026-02-09T20:05:00",
            "device_id": "dining_table_001",
            "patch": {
              "mode": "place_item"
            }
          }
        ],
        "patch_on_end": [
          {
            "timestamp": "2026-02-09T20:10:00",
            "device_id": "dining_table_001",
            "patch": {
              "mode": "clean"
            }
          }
        ]
      }
    },
    {
      "event_id": "act_009",
      "room_id": "kitchen",
      "start_time": "2026-02-09T20:10:00",
      "end_time": "2026-02-09T20:15:00",
      "description": "Used the microwave oven to heat certain prepared dishes.",
      "use_devices": true,
      "devices": [
        "microwave_001"
      ],
      "layer5_device_state": {
        "patch_on_start": [
          {
            "timestamp": "2026-02-09T20:10:00",
            "device_id": "microwave_001",
            "patch": {
              "power": "on"
            }
          }
        ],
        "patch_on_end": [
          {
            "timestamp": "2026-02-09T20:15:00",
            "device_id": "microwave_001",
            "patch": {
              "power": "off"
            }
          }
        ]
      }
    },
    {
      "event_id": "act_009",
      "room_id": "kitchen",
      "start_time": "2026-02-09T20:15:00",
      "end_time": "2026-02-09T20:30:00",
      "description": "Enjoyed the prepared dinner while seated at the dining table.",
      "use_devices": true,
      "devices": [
        "dining_table_001"
      ],
      "layer5_device_state": {
        "patch_on_start": [
          {
            "timestamp": "2026-02-09T20:15:00",
            "device_id": "dining_table_001",
            "patch": {}
          }
        ],
        "patch_on_end": [
          {
            "timestamp": "2026-02-09T20:30:00",
            "device_id": "dining_table_001",
            "patch": {}
          }
        ]
      }
    },
    {
      "event_id": "act_010",
      "room_id": "living_room",
      "start_time": "2026-02-09T20:30:00",
      "end_time": "2026-02-09T20:35:00",
      "description": "Turned on the smart TV in the living room to watch a science documentary.",
      "use_devices": true,
      "devices": [
        "smart_tv_001"
      ],
      "layer5_device_state": {
        "patch_on_start": [
          {
            "timestamp": "2026-02-09T20:30:00",
            "device_id": "smart_tv_001",
            "patch": {}
          }
        ],
        "patch_on_end": [
          {
            "timestamp": "2026-02-09T20:35:00",
            "device_id": "smart_tv_001",
            "patch": {}
          }
        ]
      }
    },
    {
      "event_id": "act_010",
      "room_id": "living_room",
      "start_time": "2026-02-09T20:35:00",
      "end_time": "2026-02-09T21:30:00",
      "description": "Watched a science documentary on the smart TV while seated on the sofa.",
      "use_devices": true,
      "devices": [
        "smart_tv_001",
        "sofa_001"
      ],
      "layer5_device_state": {
        "patch_on_start": [
          {
            "timestamp": "2026-02-09T20:35:00",
            "device_id": "smart_tv_001",
            "patch": {
              "power": "on",
              "mode": "watch_movie"
            }
          },
          {
            "timestamp": "2026-02-09T20:35:00",
            "device_id": "sofa_001",
            "patch": {}
          }
        ],
        "patch_on_end": [
          {
            "timestamp": "2026-02-09T21:30:00",
            "device_id": "smart_tv_001",
            "patch": {
              "power": "off"
            }
          },
          {
            "timestamp": "2026-02-09T21:30:00",
            "device_id": "sofa_001",
            "patch": {}
          }
        ]
      }
    },
    {
      "event_id": "act_010",
      "room_id": "living_room",
      "start_time": "2026-02-09T21:30:00",
      "end_time": "2026-02-09T21:35:00",
      "description": "Turned off the smart TV and prepared the game console for use.",
      "use_devices": true,
      "devices": [
        "smart_tv_001",
        "game_console_001"
      ],
      "layer5_device_state": {
        "patch_on_start": [
          {
            "timestamp": "2026-02-09T21:30:00",
            "device_id": "smart_tv_001",
            "patch": {
              "power": "off"
            }
          },
          {
            "timestamp": "2026-02-09T21:30:00",
            "device_id": "game_console_001",
            "patch": {
              "power": "on"
            }
          }
        ],
        "patch_on_end": [
          {
            "timestamp": "2026-02-09T21:35:00",
            "device_id": "smart_tv_001",
            "patch": {
              "power": "off"
            }
          }
        ]
      }
    },
    {
      "event_id": "act_010",
      "room_id": "living_room",
      "start_time": "2026-02-09T21:35:00",
      "end_time": "2026-02-09T22:50:00",
      "description": "Played a video game on the game console while seated on the sofa.",
      "use_devices": true,
      "devices": [
        "game_console_001",
        "sofa_001"
      ],
      "layer5_device_state": {
        "patch_on_start": [
          {
            "timestamp": "2026-02-09T21:35:00",
            "device_id": "game_console_001",
            "patch": {}
          },
          {
            "timestamp": "2026-02-09T21:35:00",
            "device_id": "sofa_001",
            "patch": {}
          }
        ],
        "patch_on_end": [
          {
            "timestamp": "2026-02-09T22:50:00",
            "device_id": "game_console_001",
            "patch": {}
          },
          {
            "timestamp": "2026-02-09T22:50:00",
            "device_id": "sofa_001",
            "patch": {}
          }
        ]
      }
    },
    {
      "event_id": "act_010",
      "room_id": "living_room",
      "start_time": "2026-02-09T22:50:00",
      "end_time": "2026-02-09T23:00:00",
      "description": "Turned off the game console and organized the living room.",
      "use_devices": true,
      "devices": [
        "game_console_001",
        "coffee_table_001"
      ],
      "layer5_device_state": {
        "patch_on_start": [
          {
            "timestamp": "2026-02-09T22:50:00",
            "device_id": "game_console_001",
            "patch": {
              "power": "off"
            }
          }
        ],
        "patch_on_end": [
          {
            "timestamp": "2026-02-09T23:00:00",
            "device_id": "coffee_table_001",
            "patch": {}
          }
        ]
      }
    },
    {
      "event_id": "act_011",
      "room_id": "master_bedroom",
      "start_time": "2026-02-09T23:00:00",
      "end_time": "2026-02-09T23:05:00",
      "description": "Entered the master bedroom to prepare for sleep.",
      "use_devices": false,
      "devices": [],
      "layer5_device_state": {
        "patch_on_start": [],
        "patch_on_end": []
      }
    },
    {
      "event_id": "act_011",
      "room_id": "master_bedroom",
      "start_time": "2026-02-09T23:05:00",
      "end_time": "2026-02-09T23:10:00",
      "description": "Turned on the smart lamp and adjusted its brightness for a relaxing ambiance.",
      "use_devices": true,
      "devices": [
        "smart_lamp_001"
      ],
      "layer5_device_state": {
        "patch_on_start": [
          {
            "timestamp": "2026-02-09T23:05:00",
            "device_id": "smart_lamp_001",
            "patch": {
              "power": "on",
              "mode": "relaxing"
            }
          }
        ],
        "patch_on_end": [
          {
            "timestamp": "2026-02-09T23:10:00",
            "device_id": "smart_lamp_001",
            "patch": {
              "power": "off"
            }
          }
        ]
      }
    },
    {
      "event_id": "act_011",
      "room_id": "master_bedroom",
      "start_time": "2026-02-09T23:10:00",
      "end_time": "2026-02-09T23:15:00",
      "description": "Closed the blackout curtains to block external light.",
      "use_devices": true,
      "devices": [
        "blackout_curtain_001"
      ],
      "layer5_device_state": {
        "patch_on_start": [
          {
            "timestamp": "2026-02-09T23:10:00",
            "device_id": "blackout_curtain_001",
            "patch": {
              "state": "closed"
            }
          }
        ],
        "patch_on_end": []
      }
    },
    {
      "event_id": "act_011",
      "room_id": "master_bedroom",
      "start_time": "2026-02-09T23:15:00",
      "end_time": "2026-02-09T23:25:00",
      "description": "Organized the bedside table to maintain tidiness.",
      "use_devices": true,
      "devices": [
        "nightstand_001"
      ],
      "layer5_device_state": {
        "patch_on_start": [
          {
            "timestamp": "2026-02-09T23:15:00",
            "device_id": "nightstand_001",
            "patch": {}
          }
        ],
        "patch_on_end": [
          {
            "timestamp": "2026-02-09T23:25:00",
            "device_id": "nightstand_001",
            "patch": {}
          }
        ]
      }
    },
    {
      "event_id": "act_011",
      "room_id": "master_bedroom",
      "start_time": "2026-02-09T23:25:00",
      "end_time": "2026-02-09T23:35:00",
      "description": "Set the air purifier to sleep mode for a comfortable environment.",
      "use_devices": true,
      "devices": [
        "air_purifier_001"
      ],
      "layer5_device_state": {
        "patch_on_start": [
          {
            "timestamp": "2026-02-09T23:25:00",
            "device_id": "air_purifier_001",
            "patch": {
              "power": "on",
              "mode": "sleep"
            }
          }
        ],
        "patch_on_end": [
          {
            "timestamp": "2026-02-09T23:35:00",
            "device_id": "air_purifier_001",
            "patch": {
              "power": "off"
            }
          }
        ]
      }
    },
    {
      "event_id": "act_011",
      "room_id": "master_bedroom",
      "start_time": "2026-02-09T23:35:00",
      "end_time": "2026-02-10T00:00:00",
      "description": "Laid down on the bed and prepared to sleep.",
      "use_devices": true,
      "devices": [
        "bed_001"
      ],
      "layer5_device_state": {
        "patch_on_start": [
          {
            "timestamp": "2026-02-09T23:35:00",
            "device_id": "bed_001",
            "patch": {}
          }
        ],
        "patch_on_end": [
          {
            "timestamp": "2026-02-10T00:00:00",
            "device_id": "bed_001",
            "patch": {}
          }
        ]
      }
    },
    {
      "event_id": "act_012",
      "room_id": "master_bedroom",
      "start_time": "2026-02-10T00:00:00",
      "end_time": "2026-02-10T07:00:00",
      "description": "Positioned comfortably on the bed for restful sleep.",
      "use_devices": true,
      "devices": [
        "bed_001"
      ],
      "layer5_device_state": {
        "patch_on_start": [
          {
            "timestamp": "2026-02-10T00:00:00",
            "device_id": "bed_001",
            "patch": {}
          }
        ],
        "patch_on_end": [
          {
            "timestamp": "2026-02-10T07:00:00",
            "device_id": "bed_001",
            "patch": {}
          }
        ]
      }
    }
  ]
}