{
  "activities": [
    {
      "activity_id": "act_001",
      "activity_name": "起床与晨间准备",
      "start_time": "2026-02-08T09:00:00",
      "end_time": "2026-02-08T09:30:00",
      "description": "张辰在卧室醒来，拉开窗帘，整理床铺，开启新的一天。",
      "main_rooms": [
        "master_bedroom"
      ]
    },
    {
      "activity_id": "act_002",
      "activity_name": "早餐时间",
      "start_time": "2026-02-08T09:30:00",
      "end_time": "2026-02-08T10:00:00",
      "description": "张辰在厨房准备了健康早餐，包括味增汤和米饭，使用智能冰箱取食材，并在餐桌享用。",
      "main_rooms": [
        "kitchen"
      ]
    },
    {
      "activity_id": "act_003",
      "activity_name": "早晨阅读",
      "start_time": "2026-02-08T10:00:00",
      "end_time": "2026-02-08T11:30:00",
      "description": "张辰在客厅沙发上通过智能电视浏览科技新闻，期间享用咖啡，提升认知。",
      "main_rooms": [
        "living_room"
      ]
    },
    {
      "activity_id": "act_004",
      "activity_name": "休憩与整理",
      "start_time": "2026-02-08T11:30:00",
      "end_time": "2026-02-08T12:30:00",
      "description": "张辰在主卧稍作休息，整理衣物并进行轻度拉伸，舒缓身体。",
      "main_rooms": [
        "master_bedroom"
      ]
    },
    {
      "activity_id": "act_005",
      "activity_name": "午餐时间",
      "start_time": "2026-02-08T12:30:00",
      "end_time": "2026-02-08T13:30:00",
      "description": "张辰在厨房准备午餐，使用微波炉加热并在餐桌享用。",
      "main_rooms": [
        "kitchen"
      ]
    },
    {
      "activity_id": "act_006",
      "activity_name": "书房工作",
      "start_time": "2026-02-08T13:30:00",
      "end_time": "2026-02-08T15:30:00",
      "description": "张辰在书房使用双屏显示器进行工作任务，完成重要文档编辑。",
      "main_rooms": [
        "study_room"
      ]
    },
    {
      "activity_id": "act_007",
      "activity_name": "观看纪录片",
      "start_time": "2026-02-08T15:30:00",
      "end_time": "2026-02-08T17:30:00",
      "description": "张辰在客厅沙发上通过智能电视观看科技纪录片，感受科技魅力。",
      "main_rooms": [
        "living_room"
      ]
    },
    {
      "activity_id": "act_008",
      "activity_name": "短暂休息",
      "start_time": "2026-02-08T17:30:00",
      "end_time": "2026-02-08T19:00:00",
      "description": "张辰在主卧休息片刻，调整状态迎接晚餐时光。",
      "main_rooms": [
        "master_bedroom"
      ]
    },
    {
      "activity_id": "act_009",
      "activity_name": "晚餐时间",
      "start_time": "2026-02-08T19:00:00",
      "end_time": "2026-02-08T19:30:00",
      "description": "张辰在厨房准备晚餐，享用健康低糖日式料理，使用餐桌。",
      "main_rooms": [
        "kitchen"
      ]
    },
    {
      "activity_id": "act_010",
      "activity_name": "娱乐时光",
      "start_time": "2026-02-08T19:30:00",
      "end_time": "2026-02-08T21:00:00",
      "description": "张辰使用客厅游戏设备进行休闲娱乐，享受轻松氛围。",
      "main_rooms": [
        "living_room"
      ]
    },
    {
      "activity_id": "act_011",
      "activity_name": "夜间阅读",
      "start_time": "2026-02-08T21:00:00",
      "end_time": "2026-02-08T23:00:00",
      "description": "张辰在主卧床上阅读个人成长类书籍，感悟深刻。",
      "main_rooms": [
        "master_bedroom"
      ]
    },
    {
      "activity_id": "act_012",
      "activity_name": "夜间休息",
      "start_time": "2026-02-08T23:00:00",
      "end_time": "2026-02-09T07:00:00",
      "description": "张辰关闭智能灯，调整空气净化器后入睡，保持舒适环境。",
      "main_rooms": [
        "master_bedroom"
      ]
    }
  ]
}