{
  "activities": [
    {
      "activity_id": "act_001",
      "activity_name": "起床与整理",
      "start_time": "2026-02-05T07:00:00",
      "end_time": "2026-02-05T07:30:00",
      "description": "在主卧中拉开窗帘，整理床铺并进行洗漱。",
      "main_rooms": [
        "master_bedroom"
      ]
    },
    {
      "activity_id": "act_002",
      "activity_name": "晨间放松",
      "start_time": "2026-02-05T07:30:00",
      "end_time": "2026-02-05T08:00:00",
      "description": "在客厅中通过瑜伽拉伸唤醒身体。",
      "main_rooms": [
        "living_room"
      ]
    },
    {
      "activity_id": "act_003",
      "activity_name": "早餐时间",
      "start_time": "2026-02-05T08:00:00",
      "end_time": "2026-02-05T08:30:00",
      "description": "在厨房中准备低糖早餐并享用。",
      "main_rooms": [
        "kitchen"
      ]
    },
    {
      "activity_id": "act_004",
      "activity_name": "早间工作",
      "start_time": "2026-02-05T08:30:00",
      "end_time": "2026-02-05T09:00:00",
      "description": "在书房中完成文档处理及邮件回复。",
      "main_rooms": [
        "study_room"
      ]
    },
    {
      "activity_id": "act_005",
      "activity_name": "项目会议",
      "start_time": "2026-02-05T09:00:00",
      "end_time": "2026-02-05T12:00:00",
      "description": "前往公司与团队讨论项目进展。",
      "main_rooms": []
    },
    {
      "activity_id": "act_006",
      "activity_name": "午餐时光",
      "start_time": "2026-02-05T12:30:00",
      "end_time": "2026-02-05T13:00:00",
      "description": "在餐厅享用健康午餐。",
      "main_rooms": []
    },
    {
      "activity_id": "act_007",
      "activity_name": "下午工作",
      "start_time": "2026-02-05T13:00:00",
      "end_time": "2026-02-05T18:00:00",
      "description": "返回工作岗位完成任务清单。",
      "main_rooms": []
    },
    {
      "activity_id": "act_008",
      "activity_name": "健身训练",
      "start_time": "2026-02-05T18:30:00",
      "end_time": "2026-02-05T20:00:00",
      "description": "在健身房进行力量训练和有氧运动。",
      "main_rooms": []
    },
    {
      "activity_id": "act_009",
      "activity_name": "晚餐时间",
      "start_time": "2026-02-05T20:00:00",
      "end_time": "2026-02-05T20:40:00",
      "description": "在厨房中准备日式晚餐并享用。",
      "main_rooms": [
        "kitchen"
      ]
    },
    {
      "activity_id": "act_010",
      "activity_name": "观影时间",
      "start_time": "2026-02-05T20:40:00",
      "end_time": "2026-02-05T22:00:00",
      "description": "在客厅观看科技纪录片放松身心。",
      "main_rooms": [
        "living_room"
      ]
    },
    {
      "activity_id": "act_011",
      "activity_name": "就寝准备",
      "start_time": "2026-02-05T22:00:00",
      "end_time": "2026-02-05T23:30:00",
      "description": "在主卧中进行洗漱并阅读。",
      "main_rooms": [
        "master_bedroom"
      ]
    },
    {
      "activity_id": "act_012",
      "activity_name": "夜间休息",
      "start_time": "2026-02-05T23:30:00",
      "end_time": "2026-02-06T07:00:00",
      "description": "在主卧中进入睡眠并恢复精力。",
      "main_rooms": [
        "master_bedroom"
      ]
    }
  ]
}