{
  "action_event_chain": [
    {
      "event_id": "act_001",
      "room_id": "master_bedroom",
      "start_time": "2026-02-13T07:00:00",
      "end_time": "2026-02-13T07:05:00",
      "description": "张辰从床上起身，结束睡眠。",
      "use_devices": true,
      "devices": [
        "bed_001"
      ],
      "layer5_device_state": {
        "patch_on_start": [
          {
            "timestamp": "2026-02-13T07:00:00",
            "device_id": "bed_001",
            "patch": {}
          }
        ],
        "patch_on_end": [
          {
            "timestamp": "2026-02-13T07:05:00",
            "device_id": "bed_001",
            "patch": {}
          }
        ]
      }
    },
    {
      "event_id": "act_001",
      "room_id": "master_bedroom",
      "start_time": "2026-02-13T07:05:00",
      "end_time": "2026-02-13T07:10:00",
      "description": "拉开遮光窗帘，迎接晨光。",
      "use_devices": true,
      "devices": [
        "blackout_curtain_001"
      ],
      "layer5_device_state": {
        "patch_on_start": [
          {
            "timestamp": "2026-02-13T07:05:00",
            "device_id": "blackout_curtain_001",
            "patch": {
              "state": "open"
            }
          }
        ],
        "patch_on_end": [
          {
            "timestamp": "2026-02-13T07:10:00",
            "device_id": "blackout_curtain_001",
            "patch": {}
          }
        ]
      }
    },
    {
      "event_id": "act_001",
      "room_id": "master_bedroom",
      "start_time": "2026-02-13T07:10:00",
      "end_time": "2026-02-13T07:15:00",
      "description": "打开智能台灯进行调节。",
      "use_devices": true,
      "devices": [
        "smart_lamp_001"
      ],
      "layer5_device_state": {
        "patch_on_start": [
          {
            "timestamp": "2026-02-13T07:10:00",
            "device_id": "smart_lamp_001",
            "patch": {
              "power": "on"
            }
          }
        ],
        "patch_on_end": [
          {
            "timestamp": "2026-02-13T07:15:00",
            "device_id": "smart_lamp_001",
            "patch": {
              "power": "off"
            }
          }
        ]
      }
    },
    {
      "event_id": "act_001",
      "room_id": "master_bedroom",
      "start_time": "2026-02-13T07:15:00",
      "end_time": "2026-02-13T07:30:00",
      "description": "进行轻微的伸展活动，舒展身体。",
      "use_devices": false,
      "devices": [],
      "layer5_device_state": {
        "patch_on_start": [],
        "patch_on_end": []
      }
    },
    {
      "event_id": "act_002",
      "room_id": "kitchen",
      "start_time": "2026-02-13T07:30:00",
      "end_time": "2026-02-13T07:35:00",
      "description": "打开智能冰箱，检查早餐食材库存。",
      "use_devices": true,
      "devices": [
        "smart_fridge_001"
      ],
      "layer5_device_state": {
        "patch_on_start": [
          {
            "timestamp": "2026-02-13T07:30:00",
            "device_id": "smart_fridge_001",
            "patch": {
              "state": "open"
            }
          }
        ],
        "patch_on_end": [
          {
            "timestamp": "2026-02-13T07:35:00",
            "device_id": "smart_fridge_001",
            "patch": {
              "state": "closed"
            }
          }
        ]
      }
    },
    {
      "event_id": "act_002",
      "room_id": "kitchen",
      "start_time": "2026-02-13T07:35:00",
      "end_time": "2026-02-13T07:45:00",
      "description": "从厨房柜中取出烹饪所需的餐具和调料。",
      "use_devices": true,
      "devices": [
        "kitchen_cabinet_001"
      ],
      "layer5_device_state": {
        "patch_on_start": [
          {
            "timestamp": "2026-02-13T07:35:00",
            "device_id": "kitchen_cabinet_001",
            "patch": {
              "state": "open"
            }
          }
        ],
        "patch_on_end": [
          {
            "timestamp": "2026-02-13T07:45:00",
            "device_id": "kitchen_cabinet_001",
            "patch": {
              "state": "closed"
            }
          }
        ]
      }
    },
    {
      "event_id": "act_002",
      "room_id": "kitchen",
      "start_time": "2026-02-13T07:45:00",
      "end_time": "2026-02-13T08:00:00",
      "description": "利用微波炉加热早餐并准备一杯热饮。",
      "use_devices": true,
      "devices": [
        "microwave_001"
      ],
      "layer5_device_state": {
        "patch_on_start": [
          {
            "timestamp": "2026-02-13T07:45:00",
            "device_id": "microwave_001",
            "patch": {}
          }
        ],
        "patch_on_end": [
          {
            "timestamp": "2026-02-13T08:00:00",
            "device_id": "microwave_001",
            "patch": {}
          }
        ]
      }
    },
    {
      "event_id": "act_002",
      "room_id": "kitchen",
      "start_time": "2026-02-13T08:00:00",
      "end_time": "2026-02-13T08:15:00",
      "description": "将早餐摆放于餐桌上，享用并阅读一本宁静的书籍。",
      "use_devices": true,
      "devices": [
        "dining_table_001"
      ],
      "layer5_device_state": {
        "patch_on_start": [
          {
            "timestamp": "2026-02-13T08:00:00",
            "device_id": "dining_table_001",
            "patch": {}
          }
        ],
        "patch_on_end": [
          {
            "timestamp": "2026-02-13T08:15:00",
            "device_id": "dining_table_001",
            "patch": {}
          }
        ]
      }
    },
    {
      "event_id": "act_003",
      "room_id": "study_room",
      "start_time": "2026-02-13T08:15:00",
      "end_time": "2026-02-13T08:20:00",
      "description": "搬到书房，准备进行工作。",
      "use_devices": false,
      "devices": [],
      "layer5_device_state": {
        "patch_on_start": [],
        "patch_on_end": []
      }
    },
    {
      "event_id": "act_003",
      "room_id": "study_room",
      "start_time": "2026-02-13T08:20:00",
      "end_time": "2026-02-13T08:30:00",
      "description": "调整人体工学椅的高度和倾斜度，以确保舒适的坐姿。",
      "use_devices": true,
      "devices": [
        "ergonomic_chair_001"
      ],
      "layer5_device_state": {
        "patch_on_start": [
          {
            "timestamp": "2026-02-13T08:20:00",
            "device_id": "ergonomic_chair_001",
            "patch": {
              "mode": "adjust_tilt"
            }
          }
        ],
        "patch_on_end": [
          {
            "timestamp": "2026-02-13T08:30:00",
            "device_id": "ergonomic_chair_001",
            "patch": {
              "mode": "sit"
            }
          }
        ]
      }
    },
    {
      "event_id": "act_003",
      "room_id": "study_room",
      "start_time": "2026-02-13T08:30:00",
      "end_time": "2026-02-13T08:40:00",
      "description": "打开双屏显示器，调整亮度以适应光线。",
      "use_devices": true,
      "devices": [
        "dual_monitor_001"
      ],
      "layer5_device_state": {
        "patch_on_start": [
          {
            "timestamp": "2026-02-13T08:30:00",
            "device_id": "dual_monitor_001",
            "patch": {
              "power": "on",
              "brightness": "adaptive"
            }
          }
        ],
        "patch_on_end": [
          {
            "timestamp": "2026-02-13T08:40:00",
            "device_id": "dual_monitor_001",
            "patch": {
              "power": "off"
            }
          }
        ]
      }
    },
    {
      "event_id": "act_003",
      "room_id": "study_room",
      "start_time": "2026-02-13T08:40:00",
      "end_time": "2026-02-13T11:30:00",
      "description": "专注于完成工作任务，包括回邮件和撰写报告。",
      "use_devices": true,
      "devices": [
        "desk_001"
      ],
      "layer5_device_state": {
        "patch_on_start": [
          {
            "timestamp": "2026-02-13T08:40:00",
            "device_id": "desk_001",
            "patch": {}
          }
        ],
        "patch_on_end": [
          {
            "timestamp": "2026-02-13T11:30:00",
            "device_id": "desk_001",
            "patch": {}
          }
        ]
      }
    },
    {
      "event_id": "act_003",
      "room_id": "study_room",
      "start_time": "2026-02-13T11:30:00",
      "end_time": "2026-02-13T11:45:00",
      "description": "短暂放松，聆听智能音箱播放的轻音乐。",
      "use_devices": true,
      "devices": [
        "smart_speaker_001"
      ],
      "layer5_device_state": {
        "patch_on_start": [
          {
            "timestamp": "2026-02-13T11:30:00",
            "device_id": "smart_speaker_001",
            "patch": {}
          }
        ],
        "patch_on_end": [
          {
            "timestamp": "2026-02-13T11:45:00",
            "device_id": "smart_speaker_001",
            "patch": {}
          }
        ]
      }
    },
    {
      "event_id": "act_003",
      "room_id": "study_room",
      "start_time": "2026-02-13T11:45:00",
      "end_time": "2026-02-13T12:00:00",
      "description": "结束上午的工作，并整理书桌。",
      "use_devices": true,
      "devices": [
        "desk_001"
      ],
      "layer5_device_state": {
        "patch_on_start": [
          {
            "timestamp": "2026-02-13T11:45:00",
            "device_id": "desk_001",
            "patch": {
              "power": "on"
            }
          }
        ],
        "patch_on_end": [
          {
            "timestamp": "2026-02-13T12:00:00",
            "device_id": "desk_001",
            "patch": {
              "power": "off"
            }
          }
        ]
      }
    },
    {
      "event_id": "act_004",
      "room_id": "kitchen",
      "start_time": "2026-02-13T12:00:00",
      "end_time": "2026-02-13T12:10:00",
      "description": "使用智能冰箱检查食材库存以准备午餐。",
      "use_devices": true,
      "devices": [
        "smart_fridge_001"
      ],
      "layer5_device_state": {
        "patch_on_start": [
          {
            "timestamp": "2026-02-13T12:00:00",
            "device_id": "smart_fridge_001",
            "patch": {}
          }
        ],
        "patch_on_end": [
          {
            "timestamp": "2026-02-13T12:10:00",
            "device_id": "smart_fridge_001",
            "patch": {}
          }
        ]
      }
    },
    {
      "event_id": "act_004",
      "room_id": "kitchen",
      "start_time": "2026-02-13T12:10:00",
      "end_time": "2026-02-13T12:30:00",
      "description": "从厨房柜取出工具并在餐桌上准备食材。",
      "use_devices": true,
      "devices": [
        "kitchen_cabinet_001",
        "dining_table_001"
      ],
      "layer5_device_state": {
        "patch_on_start": [
          {
            "timestamp": "2026-02-13T12:10:00",
            "device_id": "kitchen_cabinet_001",
            "patch": {}
          },
          {
            "timestamp": "2026-02-13T12:10:00",
            "device_id": "dining_table_001",
            "patch": {}
          }
        ],
        "patch_on_end": [
          {
            "timestamp": "2026-02-13T12:30:00",
            "device_id": "dining_table_001",
            "patch": {}
          }
        ]
      }
    },
    {
      "event_id": "act_004",
      "room_id": "kitchen",
      "start_time": "2026-02-13T12:30:00",
      "end_time": "2026-02-13T13:00:00",
      "description": "使用微波炉加热食材完成午餐烹饪。",
      "use_devices": true,
      "devices": [
        "microwave_001"
      ],
      "layer5_device_state": {
        "patch_on_start": [
          {
            "timestamp": "2026-02-13T12:30:00",
            "device_id": "microwave_001",
            "patch": {
              "power": "on"
            }
          }
        ],
        "patch_on_end": [
          {
            "timestamp": "2026-02-13T13:00:00",
            "device_id": "microwave_001",
            "patch": {
              "power": "off"
            }
          }
        ]
      }
    },
    {
      "event_id": "act_004",
      "room_id": "kitchen",
      "start_time": "2026-02-13T13:00:00",
      "end_time": "2026-02-13T13:15:00",
      "description": "在餐桌上享用午餐并清理用具。",
      "use_devices": true,
      "devices": [
        "dining_table_001"
      ],
      "layer5_device_state": {
        "patch_on_start": [
          {
            "timestamp": "2026-02-13T13:00:00",
            "device_id": "dining_table_001",
            "patch": {}
          }
        ],
        "patch_on_end": [
          {
            "timestamp": "2026-02-13T13:15:00",
            "device_id": "dining_table_001",
            "patch": {}
          }
        ]
      }
    },
    {
      "event_id": "act_004",
      "room_id": "living_room",
      "start_time": "2026-02-13T13:15:00",
      "end_time": "2026-02-13T13:25:00",
      "description": "从厨房前往客厅准备休息。",
      "use_devices": false,
      "devices": [],
      "layer5_device_state": {
        "patch_on_start": [],
        "patch_on_end": []
      }
    },
    {
      "event_id": "act_004",
      "room_id": "living_room",
      "start_time": "2026-02-13T13:25:00",
      "end_time": "2026-02-13T13:55:00",
      "description": "在客厅沙发上小憩以恢复精力。",
      "use_devices": true,
      "devices": [
        "sofa_001"
      ],
      "layer5_device_state": {
        "patch_on_start": [
          {
            "timestamp": "2026-02-13T13:25:00",
            "device_id": "sofa_001",
            "patch": {
              "mode": "lie_down"
            }
          }
        ],
        "patch_on_end": [
          {
            "timestamp": "2026-02-13T13:55:00",
            "device_id": "sofa_001",
            "patch": {
              "mode": "stand_up"
            }
          }
        ]
      }
    },
    {
      "event_id": "act_004",
      "room_id": "living_room",
      "start_time": "2026-02-13T13:55:00",
      "end_time": "2026-02-13T14:00:00",
      "description": "启动扫地机器人进行地面清洁。",
      "use_devices": true,
      "devices": [
        "robot_vacuum_001"
      ],
      "layer5_device_state": {
        "patch_on_start": [
          {
            "timestamp": "2026-02-13T13:55:00",
            "device_id": "robot_vacuum_001",
            "patch": {
              "power": "on"
            }
          }
        ],
        "patch_on_end": [
          {
            "timestamp": "2026-02-13T14:00:00",
            "device_id": "robot_vacuum_001",
            "patch": {
              "power": "off"
            }
          }
        ]
      }
    },
    {
      "event_id": "act_005",
      "room_id": "study_room",
      "start_time": "2026-02-13T14:00:00",
      "end_time": "2026-02-13T14:05:00",
      "description": "打开电脑并准备处理邮件。",
      "use_devices": true,
      "devices": [
        "desk_001"
      ],
      "layer5_device_state": {
        "patch_on_start": [
          {
            "timestamp": "2026-02-13T14:00:00",
            "device_id": "desk_001",
            "patch": {}
          }
        ],
        "patch_on_end": [
          {
            "timestamp": "2026-02-13T14:05:00",
            "device_id": "desk_001",
            "patch": {}
          }
        ]
      }
    },
    {
      "event_id": "act_005",
      "room_id": "study_room",
      "start_time": "2026-02-13T14:05:00",
      "end_time": "2026-02-13T15:30:00",
      "description": "浏览收件箱并开始回复重要邮件。",
      "use_devices": true,
      "devices": [
        "dual_monitor_001"
      ],
      "layer5_device_state": {
        "patch_on_start": [
          {
            "timestamp": "2026-02-13T14:05:00",
            "device_id": "dual_monitor_001",
            "patch": {}
          }
        ],
        "patch_on_end": [
          {
            "timestamp": "2026-02-13T15:30:00",
            "device_id": "dual_monitor_001",
            "patch": {}
          }
        ]
      }
    },
    {
      "event_id": "act_005",
      "room_id": "study_room",
      "start_time": "2026-02-13T15:30:00",
      "end_time": "2026-02-13T15:35:00",
      "description": "播放轻音乐以提高专注力。",
      "use_devices": true,
      "devices": [
        "smart_speaker_001"
      ],
      "layer5_device_state": {
        "patch_on_start": [
          {
            "timestamp": "2026-02-13T15:30:00",
            "device_id": "smart_speaker_001",
            "patch": {}
          }
        ],
        "patch_on_end": [
          {
            "timestamp": "2026-02-13T15:35:00",
            "device_id": "smart_speaker_001",
            "patch": {}
          }
        ]
      }
    },
    {
      "event_id": "act_005",
      "room_id": "study_room",
      "start_time": "2026-02-13T15:35:00",
      "end_time": "2026-02-13T15:40:00",
      "description": "调整椅子的高度和倾斜度以获得更舒适的姿势。",
      "use_devices": true,
      "devices": [
        "ergonomic_chair_001"
      ],
      "layer5_device_state": {
        "patch_on_start": [
          {
            "timestamp": "2026-02-13T15:35:00",
            "device_id": "ergonomic_chair_001",
            "patch": {
              "power": "on",
              "mode": "adjust"
            }
          }
        ],
        "patch_on_end": [
          {
            "timestamp": "2026-02-13T15:40:00",
            "device_id": "ergonomic_chair_001",
            "patch": {
              "power": "off"
            }
          }
        ]
      }
    },
    {
      "event_id": "act_005",
      "room_id": "study_room",
      "start_time": "2026-02-13T15:40:00",
      "end_time": "2026-02-13T16:00:00",
      "description": "打印相关文件以供后续审核。",
      "use_devices": true,
      "devices": [
        "printer_001"
      ],
      "layer5_device_state": {
        "patch_on_start": [
          {
            "timestamp": "2026-02-13T15:40:00",
            "device_id": "printer_001",
            "patch": {
              "power": "on",
              "mode": "print"
            }
          }
        ],
        "patch_on_end": [
          {
            "timestamp": "2026-02-13T16:00:00",
            "device_id": "printer_001",
            "patch": {
              "power": "off"
            }
          }
        ]
      }
    },
    {
      "event_id": "act_005",
      "room_id": "study_room",
      "start_time": "2026-02-13T16:00:00",
      "end_time": "2026-02-13T16:30:00",
      "description": "查阅书架上的参考资料以完成报告。",
      "use_devices": true,
      "devices": [
        "bookshelf_002"
      ],
      "layer5_device_state": {
        "patch_on_start": [
          {
            "timestamp": "2026-02-13T16:00:00",
            "device_id": "bookshelf_002",
            "patch": {}
          }
        ],
        "patch_on_end": [
          {
            "timestamp": "2026-02-13T16:30:00",
            "device_id": "bookshelf_002",
            "patch": {}
          }
        ]
      }
    },
    {
      "event_id": "act_005",
      "room_id": "study_room",
      "start_time": "2026-02-13T16:30:00",
      "end_time": "2026-02-13T16:40:00",
      "description": "短暂放空思考接下来的工作计划。",
      "use_devices": false,
      "devices": [],
      "layer5_device_state": {
        "patch_on_start": [],
        "patch_on_end": []
      }
    },
    {
      "event_id": "act_005",
      "room_id": "study_room",
      "start_time": "2026-02-13T16:40:00",
      "end_time": "2026-02-13T17:00:00",
      "description": "继续完成剩余的工作任务。",
      "use_devices": true,
      "devices": [
        "dual_monitor_001"
      ],
      "layer5_device_state": {
        "patch_on_start": [
          {
            "timestamp": "2026-02-13T16:40:00",
            "device_id": "dual_monitor_001",
            "patch": {
              "power": "on"
            }
          }
        ],
        "patch_on_end": [
          {
            "timestamp": "2026-02-13T17:00:00",
            "device_id": "dual_monitor_001",
            "patch": {
              "power": "off"
            }
          }
        ]
      }
    },
    {
      "event_id": "act_006",
      "room_id": "bathroom",
      "start_time": "2026-02-13T17:00:00",
      "end_time": "2026-02-13T17:10:00",
      "description": "Retrieve grooming items from the sink cabinet.",
      "use_devices": true,
      "devices": [
        "sink_cabinet_001"
      ],
      "layer5_device_state": {
        "patch_on_start": [
          {
            "timestamp": "2026-02-13T17:00:00",
            "device_id": "sink_cabinet_001",
            "patch": {
              "state": "open"
            }
          }
        ],
        "patch_on_end": [
          {
            "timestamp": "2026-02-13T17:10:00",
            "device_id": "sink_cabinet_001",
            "patch": {
              "state": "closed"
            }
          }
        ]
      }
    },
    {
      "event_id": "act_006",
      "room_id": "bathroom",
      "start_time": "2026-02-13T17:10:00",
      "end_time": "2026-02-13T17:20:00",
      "description": "Utilize the smart mirror to check appearance and adjust grooming.",
      "use_devices": true,
      "devices": [
        "smart_mirror_001"
      ],
      "layer5_device_state": {
        "patch_on_start": [
          {
            "timestamp": "2026-02-13T17:10:00",
            "device_id": "smart_mirror_001",
            "patch": {
              "power": "on"
            }
          }
        ],
        "patch_on_end": [
          {
            "timestamp": "2026-02-13T17:20:00",
            "device_id": "smart_mirror_001",
            "patch": {
              "power": "off"
            }
          }
        ]
      }
    },
    {
      "event_id": "act_006",
      "room_id": "bathroom",
      "start_time": "2026-02-13T17:20:00",
      "end_time": "2026-02-13T17:25:00",
      "description": "Move from the bathroom to the master bedroom.",
      "use_devices": false,
      "devices": [],
      "layer5_device_state": {
        "patch_on_start": [],
        "patch_on_end": []
      }
    },
    {
      "event_id": "act_006",
      "room_id": "master_bedroom",
      "start_time": "2026-02-13T17:25:00",
      "end_time": "2026-02-13T17:40:00",
      "description": "Select and prepare appropriate attire from the wardrobe.",
      "use_devices": true,
      "devices": [
        "wardrobe_001"
      ],
      "layer5_device_state": {
        "patch_on_start": [
          {
            "timestamp": "2026-02-13T17:25:00",
            "device_id": "wardrobe_001",
            "patch": {
              "state": "open"
            }
          }
        ],
        "patch_on_end": [
          {
            "timestamp": "2026-02-13T17:40:00",
            "device_id": "wardrobe_001",
            "patch": {
              "state": "closed"
            }
          }
        ]
      }
    },
    {
      "event_id": "act_006",
      "room_id": "master_bedroom",
      "start_time": "2026-02-13T17:40:00",
      "end_time": "2026-02-13T17:45:00",
      "description": "Adjust the smart lamp for better lighting while dressing.",
      "use_devices": true,
      "devices": [
        "smart_lamp_001"
      ],
      "layer5_device_state": {
        "patch_on_start": [
          {
            "timestamp": "2026-02-13T17:40:00",
            "device_id": "smart_lamp_001",
            "patch": {}
          }
        ],
        "patch_on_end": [
          {
            "timestamp": "2026-02-13T17:45:00",
            "device_id": "smart_lamp_001",
            "patch": {}
          }
        ]
      }
    },
    {
      "event_id": "act_006",
      "room_id": "master_bedroom",
      "start_time": "2026-02-13T17:45:00",
      "end_time": "2026-02-13T17:50:00",
      "description": "Turn on the air purifier for a comfortable environment.",
      "use_devices": true,
      "devices": [
        "air_purifier_001"
      ],
      "layer5_device_state": {
        "patch_on_start": [
          {
            "timestamp": "2026-02-13T17:45:00",
            "device_id": "air_purifier_001",
            "patch": {
              "power": "on"
            }
          }
        ],
        "patch_on_end": [
          {
            "timestamp": "2026-02-13T17:50:00",
            "device_id": "air_purifier_001",
            "patch": {
              "power": "off"
            }
          }
        ]
      }
    },
    {
      "event_id": "act_006",
      "room_id": "master_bedroom",
      "start_time": "2026-02-13T17:50:00",
      "end_time": "2026-02-13T18:30:00",
      "description": "Take a short moment to relax and review the attire.",
      "use_devices": false,
      "devices": [],
      "layer5_device_state": {
        "patch_on_start": [],
        "patch_on_end": []
      }
    },
    {
      "event_id": "act_007",
      "room_id": "Outside",
      "start_time": "2026-02-13T18:30:00",
      "end_time": "2026-02-13T21:00:00",
      "description": "Participate in a team dinner at a restaurant, engaging in social interactions and enjoying a meal.",
      "use_devices": false,
      "devices": [],
      "layer5_device_state": {
        "patch_on_start": [],
        "patch_on_end": []
      }
    },
    {
      "event_id": "act_008",
      "room_id": "living_room",
      "start_time": "2026-02-13T21:00:00",
      "end_time": "2026-02-13T21:05:00",
      "description": "打开鞋柜并将鞋子归放。",
      "use_devices": true,
      "devices": [
        "shoe_cabinet_001"
      ],
      "layer5_device_state": {
        "patch_on_start": [
          {
            "timestamp": "2026-02-13T21:00:00",
            "device_id": "shoe_cabinet_001",
            "patch": {
              "state": "open"
            }
          }
        ],
        "patch_on_end": [
          {
            "timestamp": "2026-02-13T21:05:00",
            "device_id": "shoe_cabinet_001",
            "patch": {
              "state": "closed"
            }
          }
        ]
      }
    },
    {
      "event_id": "act_008",
      "room_id": "living_room",
      "start_time": "2026-02-13T21:05:00",
      "end_time": "2026-02-13T21:10:00",
      "description": "打开音响系统，选择一首舒缓的爵士乐曲播放。",
      "use_devices": true,
      "devices": [
        "sound_system_001"
      ],
      "layer5_device_state": {
        "patch_on_start": [
          {
            "timestamp": "2026-02-13T21:05:00",
            "device_id": "sound_system_001",
            "patch": {}
          }
        ],
        "patch_on_end": [
          {
            "timestamp": "2026-02-13T21:10:00",
            "device_id": "sound_system_001",
            "patch": {}
          }
        ]
      }
    },
    {
      "event_id": "act_008",
      "room_id": "living_room",
      "start_time": "2026-02-13T21:10:00",
      "end_time": "2026-02-13T21:50:00",
      "description": "在沙发上坐下，欣赏音乐并放松。",
      "use_devices": true,
      "devices": [
        "sofa_001"
      ],
      "layer5_device_state": {
        "patch_on_start": [
          {
            "timestamp": "2026-02-13T21:10:00",
            "device_id": "sofa_001",
            "patch": {
              "mode": "sit"
            }
          }
        ],
        "patch_on_end": [
          {
            "timestamp": "2026-02-13T21:50:00",
            "device_id": "sofa_001",
            "patch": {
              "mode": "stand_up"
            }
          }
        ]
      }
    },
    {
      "event_id": "act_008",
      "room_id": "living_room",
      "start_time": "2026-02-13T21:50:00",
      "end_time": "2026-02-13T21:55:00",
      "description": "关闭音响系统，结束音乐播放。",
      "use_devices": true,
      "devices": [
        "sound_system_001"
      ],
      "layer5_device_state": {
        "patch_on_start": [
          {
            "timestamp": "2026-02-13T21:50:00",
            "device_id": "sound_system_001",
            "patch": {
              "power": "off"
            }
          }
        ],
        "patch_on_end": []
      }
    },
    {
      "event_id": "act_008",
      "room_id": "living_room",
      "start_time": "2026-02-13T21:55:00",
      "end_time": "2026-02-13T22:00:00",
      "description": "短暂地在客厅内四处走动并整理物品。",
      "use_devices": false,
      "devices": [],
      "layer5_device_state": {
        "patch_on_start": [],
        "patch_on_end": []
      }
    },
    {
      "event_id": "act_009",
      "room_id": "bathroom",
      "start_time": "2026-02-13T22:00:00",
      "end_time": "2026-02-13T22:02:00",
      "description": "进入浴室准备淋浴。",
      "use_devices": false,
      "devices": [],
      "layer5_device_state": {
        "patch_on_start": [],
        "patch_on_end": []
      }
    },
    {
      "event_id": "act_009",
      "room_id": "bathroom",
      "start_time": "2026-02-13T22:02:00",
      "end_time": "2026-02-13T22:05:00",
      "description": "使用智能镜子查看明日天气与日程。",
      "use_devices": true,
      "devices": [
        "smart_mirror_001"
      ],
      "layer5_device_state": {
        "patch_on_start": [
          {
            "timestamp": "2026-02-13T22:02:00",
            "device_id": "smart_mirror_001",
            "patch": {}
          }
        ],
        "patch_on_end": [
          {
            "timestamp": "2026-02-13T22:05:00",
            "device_id": "smart_mirror_001",
            "patch": {}
          }
        ]
      }
    },
    {
      "event_id": "act_009",
      "room_id": "bathroom",
      "start_time": "2026-02-13T22:05:00",
      "end_time": "2026-02-13T22:20:00",
      "description": "进行温水淋浴以放松身心。",
      "use_devices": false,
      "devices": [],
      "layer5_device_state": {
        "patch_on_start": [],
        "patch_on_end": []
      }
    },
    {
      "event_id": "act_009",
      "room_id": "master_bedroom",
      "start_time": "2026-02-13T22:20:00",
      "end_time": "2026-02-13T22:22:00",
      "description": "移动至主卧室准备睡觉。",
      "use_devices": false,
      "devices": [],
      "layer5_device_state": {
        "patch_on_start": [],
        "patch_on_end": []
      }
    },
    {
      "event_id": "act_009",
      "room_id": "master_bedroom",
      "start_time": "2026-02-13T22:22:00",
      "end_time": "2026-02-13T22:30:00",
      "description": "整理床铺，确保舒适的睡眠环境。",
      "use_devices": true,
      "devices": [
        "bed_001"
      ],
      "layer5_device_state": {
        "patch_on_start": [
          {
            "timestamp": "2026-02-13T22:22:00",
            "device_id": "bed_001",
            "patch": {}
          }
        ],
        "patch_on_end": [
          {
            "timestamp": "2026-02-13T22:30:00",
            "device_id": "bed_001",
            "patch": {}
          }
        ]
      }
    },
    {
      "event_id": "act_009",
      "room_id": "master_bedroom",
      "start_time": "2026-02-13T22:30:00",
      "end_time": "2026-02-13T22:40:00",
      "description": "关闭窗帘并调整智能灯光至睡眠模式。",
      "use_devices": true,
      "devices": [
        "blackout_curtain_001",
        "smart_lamp_001"
      ],
      "layer5_device_state": {
        "patch_on_start": [
          {
            "timestamp": "2026-02-13T22:30:00",
            "device_id": "blackout_curtain_001",
            "patch": {
              "state": "closed"
            }
          },
          {
            "timestamp": "2026-02-13T22:30:00",
            "device_id": "smart_lamp_001",
            "patch": {}
          }
        ],
        "patch_on_end": [
          {
            "timestamp": "2026-02-13T22:40:00",
            "device_id": "smart_lamp_001",
            "patch": {}
          }
        ]
      }
    },
    {
      "event_id": "act_009",
      "room_id": "master_bedroom",
      "start_time": "2026-02-13T22:40:00",
      "end_time": "2026-02-13T22:55:00",
      "description": "在床上阅读短时间以放松精神。",
      "use_devices": true,
      "devices": [
        "bed_001"
      ],
      "layer5_device_state": {
        "patch_on_start": [
          {
            "timestamp": "2026-02-13T22:40:00",
            "device_id": "bed_001",
            "patch": {}
          }
        ],
        "patch_on_end": [
          {
            "timestamp": "2026-02-13T22:55:00",
            "device_id": "bed_001",
            "patch": {}
          }
        ]
      }
    },
    {
      "event_id": "act_009",
      "room_id": "master_bedroom",
      "start_time": "2026-02-13T22:55:00",
      "end_time": "2026-02-13T23:00:00",
      "description": "准备入睡，调整身体姿势并躺下。",
      "use_devices": true,
      "devices": [
        "bed_001"
      ],
      "layer5_device_state": {
        "patch_on_start": [
          {
            "timestamp": "2026-02-13T22:55:00",
            "device_id": "bed_001",
            "patch": {}
          }
        ],
        "patch_on_end": [
          {
            "timestamp": "2026-02-13T23:00:00",
            "device_id": "bed_001",
            "patch": {}
          }
        ]
      }
    },
    {
      "event_id": "act_010",
      "room_id": "master_bedroom",
      "start_time": "2026-02-13T23:00:00",
      "end_time": "2026-02-13T23:05:00",
      "description": "关闭智能台灯以准备入睡。",
      "use_devices": true,
      "devices": [
        "smart_lamp_001"
      ],
      "layer5_device_state": {
        "patch_on_start": [],
        "patch_on_end": [
          {
            "timestamp": "2026-02-13T23:05:00",
            "device_id": "smart_lamp_001",
            "patch": {}
          }
        ]
      }
    },
    {
      "event_id": "act_010",
      "room_id": "master_bedroom",
      "start_time": "2026-02-13T23:05:00",
      "end_time": "2026-02-13T23:08:00",
      "description": "拉上遮光窗帘，确保房间内光线适宜。",
      "use_devices": true,
      "devices": [
        "blackout_curtain_001"
      ],
      "layer5_device_state": {
        "patch_on_start": [
          {
            "timestamp": "2026-02-13T23:05:00",
            "device_id": "blackout_curtain_001",
            "patch": {
              "state": "closed"
            }
          }
        ],
        "patch_on_end": [
          {
            "timestamp": "2026-02-13T23:08:00",
            "device_id": "blackout_curtain_001",
            "patch": {}
          }
        ]
      }
    },
    {
      "event_id": "act_010",
      "room_id": "master_bedroom",
      "start_time": "2026-02-13T23:08:00",
      "end_time": "2026-02-13T23:12:00",
      "description": "调整空气净化器至睡眠模式，优化空气质量。",
      "use_devices": true,
      "devices": [
        "air_purifier_001"
      ],
      "layer5_device_state": {
        "patch_on_start": [
          {
            "timestamp": "2026-02-13T23:08:00",
            "device_id": "air_purifier_001",
            "patch": {
              "power": "on",
              "mode": "sleep"
            }
          }
        ],
        "patch_on_end": [
          {
            "timestamp": "2026-02-13T23:12:00",
            "device_id": "air_purifier_001",
            "patch": {
              "power": "off"
            }
          }
        ]
      }
    },
    {
      "event_id": "act_010",
      "room_id": "master_bedroom",
      "start_time": "2026-02-13T23:12:00",
      "end_time": "2026-02-14T07:00:00",
      "description": "躺下并逐渐进入睡眠状态。",
      "use_devices": true,
      "devices": [
        "bed_001"
      ],
      "layer5_device_state": {
        "patch_on_start": [
          {
            "timestamp": "2026-02-13T23:12:00",
            "device_id": "bed_001",
            "patch": {}
          }
        ],
        "patch_on_end": [
          {
            "timestamp": "2026-02-14T07:00:00",
            "device_id": "bed_001",
            "patch": {}
          }
        ]
      }
    },
    {
      "event_id": "act_010",
      "room_id": "master_bedroom",
      "start_time": "2026-02-14T07:00:00",
      "end_time": "2026-02-14T07:05:00",
      "description": "早晨醒来，坐起并准备起床。",
      "use_devices": true,
      "devices": [
        "bed_001"
      ],
      "layer5_device_state": {
        "patch_on_start": [
          {
            "timestamp": "2026-02-14T07:00:00",
            "device_id": "bed_001",
            "patch": {}
          }
        ],
        "patch_on_end": [
          {
            "timestamp": "2026-02-14T07:05:00",
            "device_id": "bed_001",
            "patch": {}
          }
        ]
      }
    },
    {
      "event_id": "act_010",
      "room_id": "master_bedroom",
      "start_time": "2026-02-14T07:05:00",
      "end_time": "2026-02-14T07:10:00",
      "description": "打开遮光窗帘，让自然光进入房间。",
      "use_devices": true,
      "devices": [
        "blackout_curtain_001"
      ],
      "layer5_device_state": {
        "patch_on_start": [
          {
            "timestamp": "2026-02-14T07:05:00",
            "device_id": "blackout_curtain_001",
            "patch": {
              "state": "open"
            }
          }
        ],
        "patch_on_end": [
          {
            "timestamp": "2026-02-14T07:10:00",
            "device_id": "blackout_curtain_001",
            "patch": {}
          }
        ]
      }
    },
    {
      "event_id": "act_010",
      "room_id": "master_bedroom",
      "start_time": "2026-02-14T07:10:00",
      "end_time": "2026-02-14T07:15:00",
      "description": "关闭空气净化器，完成夜间使用。",
      "use_devices": true,
      "devices": [
        "air_purifier_001"
      ],
      "layer5_device_state": {
        "patch_on_start": [],
        "patch_on_end": [
          {
            "timestamp": "2026-02-14T07:15:00",
            "device_id": "air_purifier_001",
            "patch": {
              "power": "off"
            }
          }
        ]
      }
    },
    {
      "event_id": "act_010",
      "room_id": "master_bedroom",
      "start_time": "2026-02-14T07:15:00",
      "end_time": "2026-02-14T07:30:00",
      "description": "整理床铺，为新的一天做好准备。",
      "use_devices": true,
      "devices": [
        "bed_001"
      ],
      "layer5_device_state": {
        "patch_on_start": [
          {
            "timestamp": "2026-02-14T07:15:00",
            "device_id": "bed_001",
            "patch": {}
          }
        ],
        "patch_on_end": [
          {
            "timestamp": "2026-02-14T07:30:00",
            "device_id": "bed_001",
            "patch": {}
          }
        ]
      }
    }
  ]
}