{
  "activities": [
    {
      "activity_id": "act_001",
      "activity_name": "起床与晨间准备",
      "start_time": "2026-02-11T07:00:00",
      "end_time": "2026-02-11T07:30:00",
      "description": "张辰在主卧起床，整理床铺并拉开窗帘，随后前往浴室进行洗漱。",
      "main_rooms": [
        "master_bedroom"
      ]
    },
    {
      "activity_id": "act_002",
      "activity_name": "早餐准备与享用",
      "start_time": "2026-02-11T07:30:00",
      "end_time": "2026-02-11T08:00:00",
      "description": "张辰在厨房使用微波炉加热早餐并搭配茶，坐在餐桌上享用。",
      "main_rooms": [
        "kitchen"
      ]
    },
    {
      "activity_id": "act_003",
      "activity_name": "通勤与工作",
      "start_time": "2026-02-11T08:00:00",
      "end_time": "2026-02-11T12:00:00",
      "description": "张辰前往公司，并参与日常工作以及上午的项目会议。",
      "main_rooms": []
    },
    {
      "activity_id": "act_004",
      "activity_name": "午餐时间",
      "start_time": "2026-02-11T12:00:00",
      "end_time": "2026-02-11T13:00:00",
      "description": "张辰与同事在附近餐厅享用午餐，讨论最近的行业动态。",
      "main_rooms": []
    },
    {
      "activity_id": "act_005",
      "activity_name": "下午工作",
      "start_time": "2026-02-11T13:00:00",
      "end_time": "2026-02-11T17:30:00",
      "description": "张辰返回公司处理品牌营销项目相关事务。",
      "main_rooms": []
    },
    {
      "activity_id": "act_006",
      "activity_name": "通勤回家",
      "start_time": "2026-02-11T17:30:00",
      "end_time": "2026-02-11T18:00:00",
      "description": "张辰结束工作并返回家中。",
      "main_rooms": []
    },
    {
      "activity_id": "act_007",
      "activity_name": "短暂休息",
      "start_time": "2026-02-11T18:00:00",
      "end_time": "2026-02-11T18:30:00",
      "description": "张辰在客厅沙发上休息，观看科技纪录片放松自己。",
      "main_rooms": [
        "living_room"
      ]
    },
    {
      "activity_id": "act_008",
      "activity_name": "健身训练",
      "start_time": "2026-02-11T18:30:00",
      "end_time": "2026-02-11T20:00:00",
      "description": "张辰前往健身房进行力量训练，保持健康的身体状态。",
      "main_rooms": []
    },
    {
      "activity_id": "act_009",
      "activity_name": "晚餐准备与享用",
      "start_time": "2026-02-11T20:00:00",
      "end_time": "2026-02-11T20:30:00",
      "description": "张辰在厨房料理晚餐，选择了低糖日式料理并在餐桌上享用。",
      "main_rooms": [
        "kitchen"
      ]
    },
    {
      "activity_id": "act_010",
      "activity_name": "个人学习",
      "start_time": "2026-02-11T20:30:00",
      "end_time": "2026-02-11T22:00:00",
      "description": "张辰在书房内使用电脑观看在线课程，提升专业知识。",
      "main_rooms": [
        "study_room"
      ]
    },
    {
      "activity_id": "act_011",
      "activity_name": "娱乐与社交",
      "start_time": "2026-02-11T22:00:00",
      "end_time": "2026-02-11T23:00:00",
      "description": "张辰在客厅使用游戏主机体验游戏，随后与朋友在线交流感受。",
      "main_rooms": [
        "living_room"
      ]
    },
    {
      "activity_id": "act_012",
      "activity_name": "准备入睡",
      "start_time": "2026-02-11T23:00:00",
      "end_time": "2026-02-12T07:00:00",
      "description": "张辰在主卧进行夜间护理，阅读短篇小说放松身心后入睡。",
      "main_rooms": [
        "master_bedroom"
      ]
    }
  ]
}