{
  "action_event_chain": [
    {
      "event_id": "act_001",
      "room_id": "master_bedroom",
      "start_time": "2026-02-17T07:00:00",
      "end_time": "2026-02-17T07:03:00",
      "description": "张辰从床上醒来，准备开始新的一天。",
      "use_devices": true,
      "devices": [
        "bed_001"
      ],
      "layer5_device_state": {
        "patch_on_start": [
          {
            "timestamp": "2026-02-17T07:00:00",
            "device_id": "bed_001",
            "patch": {}
          }
        ],
        "patch_on_end": [
          {
            "timestamp": "2026-02-17T07:03:00",
            "device_id": "bed_001",
            "patch": {}
          }
        ]
      }
    },
    {
      "event_id": "act_001",
      "room_id": "master_bedroom",
      "start_time": "2026-02-17T07:03:00",
      "end_time": "2026-02-17T07:07:00",
      "description": "张辰拉开遮光窗帘，迎接清晨的阳光。",
      "use_devices": true,
      "devices": [
        "blackout_curtain_001"
      ],
      "layer5_device_state": {
        "patch_on_start": [
          {
            "timestamp": "2026-02-17T07:03:00",
            "device_id": "blackout_curtain_001",
            "patch": {
              "state": "open"
            }
          }
        ],
        "patch_on_end": [
          {
            "timestamp": "2026-02-17T07:07:00",
            "device_id": "blackout_curtain_001",
            "patch": {}
          }
        ]
      }
    },
    {
      "event_id": "act_001",
      "room_id": "master_bedroom",
      "start_time": "2026-02-17T07:07:00",
      "end_time": "2026-02-17T07:12:00",
      "description": "张辰整洁地铺好床铺，使房间更为整齐。",
      "use_devices": true,
      "devices": [
        "bed_001"
      ],
      "layer5_device_state": {
        "patch_on_start": [
          {
            "timestamp": "2026-02-17T07:07:00",
            "device_id": "bed_001",
            "patch": {}
          }
        ],
        "patch_on_end": [
          {
            "timestamp": "2026-02-17T07:12:00",
            "device_id": "bed_001",
            "patch": {}
          }
        ]
      }
    },
    {
      "event_id": "act_001",
      "room_id": "master_bedroom",
      "start_time": "2026-02-17T07:12:00",
      "end_time": "2026-02-17T07:15:00",
      "description": "张辰打开衣柜，选择并准备适合今日穿着的服装。",
      "use_devices": true,
      "devices": [
        "wardrobe_001"
      ],
      "layer5_device_state": {
        "patch_on_start": [
          {
            "timestamp": "2026-02-17T07:12:00",
            "device_id": "wardrobe_001",
            "patch": {
              "state": "open"
            }
          }
        ],
        "patch_on_end": [
          {
            "timestamp": "2026-02-17T07:15:00",
            "device_id": "wardrobe_001",
            "patch": {
              "state": "closed"
            }
          }
        ]
      }
    },
    {
      "event_id": "act_002",
      "room_id": "bathroom",
      "start_time": "2026-02-17T07:15:00",
      "end_time": "2026-02-17T07:16:00",
      "description": "张辰进入浴室，准备进行早晨卫生活动。",
      "use_devices": false,
      "devices": [],
      "layer5_device_state": {
        "patch_on_start": [],
        "patch_on_end": []
      }
    },
    {
      "event_id": "act_002",
      "room_id": "bathroom",
      "start_time": "2026-02-17T07:16:00",
      "end_time": "2026-02-17T07:25:00",
      "description": "张辰使用洗手台刷牙，确保口腔清洁。",
      "use_devices": true,
      "devices": [
        "sink_cabinet_001"
      ],
      "layer5_device_state": {
        "patch_on_start": [
          {
            "timestamp": "2026-02-17T07:16:00",
            "device_id": "sink_cabinet_001",
            "patch": {}
          }
        ],
        "patch_on_end": [
          {
            "timestamp": "2026-02-17T07:25:00",
            "device_id": "sink_cabinet_001",
            "patch": {}
          }
        ]
      }
    },
    {
      "event_id": "act_002",
      "room_id": "bathroom",
      "start_time": "2026-02-17T07:25:00",
      "end_time": "2026-02-17T07:35:00",
      "description": "张辰用清水洗脸，并使用毛巾擦干。",
      "use_devices": true,
      "devices": [
        "sink_cabinet_001"
      ],
      "layer5_device_state": {
        "patch_on_start": [
          {
            "timestamp": "2026-02-17T07:25:00",
            "device_id": "sink_cabinet_001",
            "patch": {
              "state": "open"
            }
          }
        ],
        "patch_on_end": [
          {
            "timestamp": "2026-02-17T07:35:00",
            "device_id": "sink_cabinet_001",
            "patch": {
              "state": "closed"
            }
          }
        ]
      }
    },
    {
      "event_id": "act_002",
      "room_id": "bathroom",
      "start_time": "2026-02-17T07:35:00",
      "end_time": "2026-02-17T07:45:00",
      "description": "张辰调整智能镜子的亮度，检查今日天气信息。",
      "use_devices": true,
      "devices": [
        "smart_mirror_001"
      ],
      "layer5_device_state": {
        "patch_on_start": [
          {
            "timestamp": "2026-02-17T07:35:00",
            "device_id": "smart_mirror_001",
            "patch": {}
          }
        ],
        "patch_on_end": [
          {
            "timestamp": "2026-02-17T07:45:00",
            "device_id": "smart_mirror_001",
            "patch": {}
          }
        ]
      }
    },
    {
      "event_id": "act_003",
      "room_id": "kitchen",
      "start_time": "2026-02-17T07:45:00",
      "end_time": "2026-02-17T07:50:00",
      "description": "打开智能冰箱，检查库存，取出所需食材。",
      "use_devices": true,
      "devices": [
        "smart_fridge_001"
      ],
      "layer5_device_state": {
        "patch_on_start": [
          {
            "timestamp": "2026-02-17T07:45:00",
            "device_id": "smart_fridge_001",
            "patch": {
              "state": "open"
            }
          }
        ],
        "patch_on_end": [
          {
            "timestamp": "2026-02-17T07:50:00",
            "device_id": "smart_fridge_001",
            "patch": {
              "state": "closed"
            }
          }
        ]
      }
    },
    {
      "event_id": "act_003",
      "room_id": "kitchen",
      "start_time": "2026-02-17T07:50:00",
      "end_time": "2026-02-17T07:55:00",
      "description": "打开厨房柜，取出餐具和烹饪工具。",
      "use_devices": true,
      "devices": [
        "kitchen_cabinet_001"
      ],
      "layer5_device_state": {
        "patch_on_start": [
          {
            "timestamp": "2026-02-17T07:50:00",
            "device_id": "kitchen_cabinet_001",
            "patch": {
              "state": "open"
            }
          }
        ],
        "patch_on_end": [
          {
            "timestamp": "2026-02-17T07:55:00",
            "device_id": "kitchen_cabinet_001",
            "patch": {
              "state": "closed"
            }
          }
        ]
      }
    },
    {
      "event_id": "act_003",
      "room_id": "kitchen",
      "start_time": "2026-02-17T07:55:00",
      "end_time": "2026-02-17T08:05:00",
      "description": "准备食材并使用微波炉加热。",
      "use_devices": true,
      "devices": [
        "microwave_001"
      ],
      "layer5_device_state": {
        "patch_on_start": [
          {
            "timestamp": "2026-02-17T07:55:00",
            "device_id": "microwave_001",
            "patch": {
              "power": "on"
            }
          }
        ],
        "patch_on_end": [
          {
            "timestamp": "2026-02-17T08:05:00",
            "device_id": "microwave_001",
            "patch": {
              "power": "off"
            }
          }
        ]
      }
    },
    {
      "event_id": "act_003",
      "room_id": "kitchen",
      "start_time": "2026-02-17T08:05:00",
      "end_time": "2026-02-17T08:15:00",
      "description": "在餐桌上享用低糖日式早餐，同时思考工作计划。",
      "use_devices": true,
      "devices": [
        "dining_table_001"
      ],
      "layer5_device_state": {
        "patch_on_start": [
          {
            "timestamp": "2026-02-17T08:05:00",
            "device_id": "dining_table_001",
            "patch": {}
          }
        ],
        "patch_on_end": [
          {
            "timestamp": "2026-02-17T08:15:00",
            "device_id": "dining_table_001",
            "patch": {}
          }
        ]
      }
    },
    {
      "event_id": "act_004",
      "room_id": "study_room",
      "start_time": "2026-02-17T08:15:00",
      "end_time": "2026-02-17T08:20:00",
      "description": "清理书桌以确保工作环境整洁。",
      "use_devices": true,
      "devices": [
        "desk_001"
      ],
      "layer5_device_state": {
        "patch_on_start": [
          {
            "timestamp": "2026-02-17T08:15:00",
            "device_id": "desk_001",
            "patch": {}
          }
        ],
        "patch_on_end": [
          {
            "timestamp": "2026-02-17T08:20:00",
            "device_id": "desk_001",
            "patch": {}
          }
        ]
      }
    },
    {
      "event_id": "act_004",
      "room_id": "study_room",
      "start_time": "2026-02-17T08:20:00",
      "end_time": "2026-02-17T08:50:00",
      "description": "开启双屏显示器并进行主要工作任务。",
      "use_devices": true,
      "devices": [
        "dual_monitor_001"
      ],
      "layer5_device_state": {
        "patch_on_start": [
          {
            "timestamp": "2026-02-17T08:20:00",
            "device_id": "dual_monitor_001",
            "patch": {
              "power": "on"
            }
          }
        ],
        "patch_on_end": [
          {
            "timestamp": "2026-02-17T08:50:00",
            "device_id": "dual_monitor_001",
            "patch": {
              "power": "off"
            }
          }
        ]
      }
    },
    {
      "event_id": "act_004",
      "room_id": "study_room",
      "start_time": "2026-02-17T08:50:00",
      "end_time": "2026-02-17T09:00:00",
      "description": "播放轻音乐以提升专注力。",
      "use_devices": true,
      "devices": [
        "smart_speaker_001"
      ],
      "layer5_device_state": {
        "patch_on_start": [
          {
            "timestamp": "2026-02-17T08:50:00",
            "device_id": "smart_speaker_001",
            "patch": {}
          }
        ],
        "patch_on_end": [
          {
            "timestamp": "2026-02-17T09:00:00",
            "device_id": "smart_speaker_001",
            "patch": {}
          }
        ]
      }
    },
    {
      "event_id": "act_004",
      "room_id": "study_room",
      "start_time": "2026-02-17T09:00:00",
      "end_time": "2026-02-17T09:30:00",
      "description": "继续专注于工作任务。",
      "use_devices": true,
      "devices": [
        "dual_monitor_001"
      ],
      "layer5_device_state": {
        "patch_on_start": [
          {
            "timestamp": "2026-02-17T09:00:00",
            "device_id": "dual_monitor_001",
            "patch": {
              "power": "on"
            }
          }
        ],
        "patch_on_end": [
          {
            "timestamp": "2026-02-17T09:30:00",
            "device_id": "dual_monitor_001",
            "patch": {
              "power": "off"
            }
          }
        ]
      }
    },
    {
      "event_id": "act_004",
      "room_id": "study_room",
      "start_time": "2026-02-17T09:30:00",
      "end_time": "2026-02-17T10:00:00",
      "description": "打印工作报告并进行整理。",
      "use_devices": true,
      "devices": [
        "printer_001"
      ],
      "layer5_device_state": {
        "patch_on_start": [
          {
            "timestamp": "2026-02-17T09:30:00",
            "device_id": "printer_001",
            "patch": {
              "power": "on",
              "mode": "print"
            }
          }
        ],
        "patch_on_end": [
          {
            "timestamp": "2026-02-17T10:00:00",
            "device_id": "printer_001",
            "patch": {
              "power": "off"
            }
          }
        ]
      }
    },
    {
      "event_id": "act_005",
      "room_id": "Outside",
      "start_time": "2026-02-17T10:00:00",
      "end_time": "2026-02-17T12:30:00",
      "description": "Attending the scheduled project meeting at the company's conference room.",
      "use_devices": false,
      "devices": [],
      "layer5_device_state": {
        "patch_on_start": [],
        "patch_on_end": []
      }
    },
    {
      "event_id": "act_006",
      "room_id": "kitchen",
      "start_time": "2026-02-17T12:30:00",
      "end_time": "2026-02-17T12:35:00",
      "description": "Retrieve ingredients from the kitchen cabinet.",
      "use_devices": true,
      "devices": [
        "kitchen_cabinet_001"
      ],
      "layer5_device_state": {
        "patch_on_start": [
          {
            "timestamp": "2026-02-17T12:30:00",
            "device_id": "kitchen_cabinet_001",
            "patch": {
              "state": "open"
            }
          }
        ],
        "patch_on_end": [
          {
            "timestamp": "2026-02-17T12:35:00",
            "device_id": "kitchen_cabinet_001",
            "patch": {
              "state": "closed"
            }
          }
        ]
      }
    },
    {
      "event_id": "act_006",
      "room_id": "kitchen",
      "start_time": "2026-02-17T12:35:00",
      "end_time": "2026-02-17T12:45:00",
      "description": "Prepare and heat food using the microwave.",
      "use_devices": true,
      "devices": [
        "microwave_001"
      ],
      "layer5_device_state": {
        "patch_on_start": [
          {
            "timestamp": "2026-02-17T12:35:00",
            "device_id": "microwave_001",
            "patch": {}
          }
        ],
        "patch_on_end": [
          {
            "timestamp": "2026-02-17T12:45:00",
            "device_id": "microwave_001",
            "patch": {}
          }
        ]
      }
    },
    {
      "event_id": "act_006",
      "room_id": "kitchen",
      "start_time": "2026-02-17T12:45:00",
      "end_time": "2026-02-17T13:10:00",
      "description": "Eat lunch at the dining table.",
      "use_devices": true,
      "devices": [
        "dining_table_001"
      ],
      "layer5_device_state": {
        "patch_on_start": [
          {
            "timestamp": "2026-02-17T12:45:00",
            "device_id": "dining_table_001",
            "patch": {}
          }
        ],
        "patch_on_end": [
          {
            "timestamp": "2026-02-17T13:10:00",
            "device_id": "dining_table_001",
            "patch": {}
          }
        ]
      }
    },
    {
      "event_id": "act_006",
      "room_id": "kitchen",
      "start_time": "2026-02-17T13:10:00",
      "end_time": "2026-02-17T13:15:00",
      "description": "Clean up the dining table.",
      "use_devices": true,
      "devices": [
        "dining_table_001"
      ],
      "layer5_device_state": {
        "patch_on_start": [
          {
            "timestamp": "2026-02-17T13:10:00",
            "device_id": "dining_table_001",
            "patch": {}
          }
        ],
        "patch_on_end": [
          {
            "timestamp": "2026-02-17T13:15:00",
            "device_id": "dining_table_001",
            "patch": {}
          }
        ]
      }
    },
    {
      "event_id": "act_007",
      "room_id": "study_room",
      "start_time": "2026-02-17T13:15:00",
      "end_time": "2026-02-17T13:25:00",
      "description": "Turn on the dual monitors and adjust brightness for work.",
      "use_devices": true,
      "devices": [
        "dual_monitor_001"
      ],
      "layer5_device_state": {
        "patch_on_start": [
          {
            "timestamp": "2026-02-17T13:15:00",
            "device_id": "dual_monitor_001",
            "patch": {
              "power": "on",
              "brightness": "work"
            }
          }
        ],
        "patch_on_end": [
          {
            "timestamp": "2026-02-17T13:25:00",
            "device_id": "dual_monitor_001",
            "patch": {
              "power": "off"
            }
          }
        ]
      }
    },
    {
      "event_id": "act_007",
      "room_id": "study_room",
      "start_time": "2026-02-17T13:25:00",
      "end_time": "2026-02-17T14:30:00",
      "description": "Sit at the ergonomic chair and work on the tasks at the desk.",
      "use_devices": true,
      "devices": [
        "desk_001",
        "ergonomic_chair_001"
      ],
      "layer5_device_state": {
        "patch_on_start": [
          {
            "timestamp": "2026-02-17T13:25:00",
            "device_id": "desk_001",
            "patch": {}
          },
          {
            "timestamp": "2026-02-17T13:25:00",
            "device_id": "ergonomic_chair_001",
            "patch": {}
          }
        ],
        "patch_on_end": [
          {
            "timestamp": "2026-02-17T14:30:00",
            "device_id": "desk_001",
            "patch": {}
          },
          {
            "timestamp": "2026-02-17T14:30:00",
            "device_id": "ergonomic_chair_001",
            "patch": {}
          }
        ]
      }
    },
    {
      "event_id": "act_007",
      "room_id": "study_room",
      "start_time": "2026-02-17T14:30:00",
      "end_time": "2026-02-17T14:40:00",
      "description": "Play some background music using the smart speaker for focus.",
      "use_devices": true,
      "devices": [
        "smart_speaker_001"
      ],
      "layer5_device_state": {
        "patch_on_start": [
          {
            "timestamp": "2026-02-17T14:30:00",
            "device_id": "smart_speaker_001",
            "patch": {}
          }
        ],
        "patch_on_end": [
          {
            "timestamp": "2026-02-17T14:40:00",
            "device_id": "smart_speaker_001",
            "patch": {}
          }
        ]
      }
    },
    {
      "event_id": "act_007",
      "room_id": "study_room",
      "start_time": "2026-02-17T14:40:00",
      "end_time": "2026-02-17T15:20:00",
      "description": "Continue the work tasks using the dual monitors.",
      "use_devices": true,
      "devices": [
        "dual_monitor_001"
      ],
      "layer5_device_state": {
        "patch_on_start": [
          {
            "timestamp": "2026-02-17T14:40:00",
            "device_id": "dual_monitor_001",
            "patch": {}
          }
        ],
        "patch_on_end": [
          {
            "timestamp": "2026-02-17T15:20:00",
            "device_id": "dual_monitor_001",
            "patch": {}
          }
        ]
      }
    },
    {
      "event_id": "act_007",
      "room_id": "study_room",
      "start_time": "2026-02-17T15:20:00",
      "end_time": "2026-02-17T15:30:00",
      "description": "Organize the desk and prepare for the next session.",
      "use_devices": true,
      "devices": [
        "desk_001"
      ],
      "layer5_device_state": {
        "patch_on_start": [
          {
            "timestamp": "2026-02-17T15:20:00",
            "device_id": "desk_001",
            "patch": {}
          }
        ],
        "patch_on_end": [
          {
            "timestamp": "2026-02-17T15:30:00",
            "device_id": "desk_001",
            "patch": {}
          }
        ]
      }
    },
    {
      "event_id": "act_008",
      "room_id": "living_room",
      "start_time": "2026-02-17T15:30:00",
      "end_time": "2026-02-17T15:35:00",
      "description": "Sit comfortably on the sofa.",
      "use_devices": true,
      "devices": [
        "sofa_001"
      ],
      "layer5_device_state": {
        "patch_on_start": [
          {
            "timestamp": "2026-02-17T15:30:00",
            "device_id": "sofa_001",
            "patch": {
              "mode": "sit"
            }
          }
        ],
        "patch_on_end": [
          {
            "timestamp": "2026-02-17T15:35:00",
            "device_id": "sofa_001",
            "patch": {
              "mode": "stand_up"
            }
          }
        ]
      }
    },
    {
      "event_id": "act_008",
      "room_id": "living_room",
      "start_time": "2026-02-17T15:35:00",
      "end_time": "2026-02-17T15:40:00",
      "description": "Turn on the smart TV and select a short documentary.",
      "use_devices": true,
      "devices": [
        "smart_tv_001"
      ],
      "layer5_device_state": {
        "patch_on_start": [
          {
            "timestamp": "2026-02-17T15:35:00",
            "device_id": "smart_tv_001",
            "patch": {
              "power": "on",
              "mode": "watch_movie"
            }
          }
        ],
        "patch_on_end": [
          {
            "timestamp": "2026-02-17T15:40:00",
            "device_id": "smart_tv_001",
            "patch": {
              "power": "off"
            }
          }
        ]
      }
    },
    {
      "event_id": "act_008",
      "room_id": "living_room",
      "start_time": "2026-02-17T15:40:00",
      "end_time": "2026-02-17T15:58:00",
      "description": "Watch the documentary on the smart TV.",
      "use_devices": true,
      "devices": [
        "smart_tv_001"
      ],
      "layer5_device_state": {
        "patch_on_start": [
          {
            "timestamp": "2026-02-17T15:40:00",
            "device_id": "smart_tv_001",
            "patch": {}
          }
        ],
        "patch_on_end": [
          {
            "timestamp": "2026-02-17T15:58:00",
            "device_id": "smart_tv_001",
            "patch": {}
          }
        ]
      }
    },
    {
      "event_id": "act_008",
      "room_id": "living_room",
      "start_time": "2026-02-17T15:58:00",
      "end_time": "2026-02-17T15:59:00",
      "description": "Turn off the smart TV.",
      "use_devices": true,
      "devices": [
        "smart_tv_001"
      ],
      "layer5_device_state": {
        "patch_on_start": [],
        "patch_on_end": [
          {
            "timestamp": "2026-02-17T15:59:00",
            "device_id": "smart_tv_001",
            "patch": {}
          }
        ]
      }
    },
    {
      "event_id": "act_008",
      "room_id": "living_room",
      "start_time": "2026-02-17T15:59:00",
      "end_time": "2026-02-17T16:00:00",
      "description": "Stand up from the sofa.",
      "use_devices": true,
      "devices": [
        "sofa_001"
      ],
      "layer5_device_state": {
        "patch_on_start": [
          {
            "timestamp": "2026-02-17T15:59:00",
            "device_id": "sofa_001",
            "patch": {}
          }
        ],
        "patch_on_end": [
          {
            "timestamp": "2026-02-17T16:00:00",
            "device_id": "sofa_001",
            "patch": {}
          }
        ]
      }
    },
    {
      "event_id": "act_009",
      "room_id": "study_room",
      "start_time": "2026-02-17T16:00:00",
      "end_time": "2026-02-17T16:02:00",
      "description": "Enter the study room and prepare for work.",
      "use_devices": false,
      "devices": [],
      "layer5_device_state": {
        "patch_on_start": [],
        "patch_on_end": []
      }
    },
    {
      "event_id": "act_009",
      "room_id": "study_room",
      "start_time": "2026-02-17T16:02:00",
      "end_time": "2026-02-17T16:05:00",
      "description": "Sit on the ergonomic chair and adjust its height for comfort.",
      "use_devices": true,
      "devices": [
        "ergonomic_chair_001"
      ],
      "layer5_device_state": {
        "patch_on_start": [
          {
            "timestamp": "2026-02-17T16:02:00",
            "device_id": "ergonomic_chair_001",
            "patch": {
              "mode": "sit"
            }
          }
        ],
        "patch_on_end": [
          {
            "timestamp": "2026-02-17T16:05:00",
            "device_id": "ergonomic_chair_001",
            "patch": {
              "mode": "stand_up"
            }
          }
        ]
      }
    },
    {
      "event_id": "act_009",
      "room_id": "study_room",
      "start_time": "2026-02-17T16:05:00",
      "end_time": "2026-02-17T16:10:00",
      "description": "Turn on the dual monitors and set up the work environment.",
      "use_devices": true,
      "devices": [
        "dual_monitor_001"
      ],
      "layer5_device_state": {
        "patch_on_start": [
          {
            "timestamp": "2026-02-17T16:05:00",
            "device_id": "dual_monitor_001",
            "patch": {
              "power": "on",
              "brightness": "default"
            }
          }
        ],
        "patch_on_end": [
          {
            "timestamp": "2026-02-17T16:10:00",
            "device_id": "dual_monitor_001",
            "patch": {
              "power": "off"
            }
          }
        ]
      }
    },
    {
      "event_id": "act_009",
      "room_id": "study_room",
      "start_time": "2026-02-17T16:10:00",
      "end_time": "2026-02-17T17:30:00",
      "description": "Work on project deadlines by organizing files and writing reports.",
      "use_devices": true,
      "devices": [
        "desk_001"
      ],
      "layer5_device_state": {
        "patch_on_start": [
          {
            "timestamp": "2026-02-17T16:10:00",
            "device_id": "desk_001",
            "patch": {
              "mode": "organize"
            }
          }
        ],
        "patch_on_end": [
          {
            "timestamp": "2026-02-17T17:30:00",
            "device_id": "desk_001",
            "patch": {
              "mode": "clean"
            }
          }
        ]
      }
    },
    {
      "event_id": "act_009",
      "room_id": "study_room",
      "start_time": "2026-02-17T17:30:00",
      "end_time": "2026-02-17T17:50:00",
      "description": "Take a short break and play music using the smart speaker.",
      "use_devices": true,
      "devices": [
        "smart_speaker_001"
      ],
      "layer5_device_state": {
        "patch_on_start": [
          {
            "timestamp": "2026-02-17T17:30:00",
            "device_id": "smart_speaker_001",
            "patch": {
              "power": "on"
            }
          }
        ],
        "patch_on_end": [
          {
            "timestamp": "2026-02-17T17:50:00",
            "device_id": "smart_speaker_001",
            "patch": {
              "power": "off"
            }
          }
        ]
      }
    },
    {
      "event_id": "act_009",
      "room_id": "study_room",
      "start_time": "2026-02-17T17:50:00",
      "end_time": "2026-02-17T18:25:00",
      "description": "Resume work and finalize the tasks.",
      "use_devices": true,
      "devices": [
        "desk_001"
      ],
      "layer5_device_state": {
        "patch_on_start": [
          {
            "timestamp": "2026-02-17T17:50:00",
            "device_id": "desk_001",
            "patch": {}
          }
        ],
        "patch_on_end": [
          {
            "timestamp": "2026-02-17T18:25:00",
            "device_id": "desk_001",
            "patch": {}
          }
        ]
      }
    },
    {
      "event_id": "act_009",
      "room_id": "study_room",
      "start_time": "2026-02-17T18:25:00",
      "end_time": "2026-02-17T18:30:00",
      "description": "Organize the workspace and turn off the devices.",
      "use_devices": true,
      "devices": [
        "dual_monitor_001"
      ],
      "layer5_device_state": {
        "patch_on_start": [],
        "patch_on_end": [
          {
            "timestamp": "2026-02-17T18:30:00",
            "device_id": "dual_monitor_001",
            "patch": {
              "power": "off"
            }
          }
        ]
      }
    },
    {
      "event_id": "act_010",
      "room_id": "kitchen",
      "start_time": "2026-02-17T18:30:00",
      "end_time": "2026-02-17T18:31:30",
      "description": "Retrieve a moment to mentally prepare for dinner tasks.",
      "use_devices": true,
      "devices": [
        "dining_table_001"
      ],
      "layer5_device_state": {
        "patch_on_start": [
          {
            "timestamp": "2026-02-17T18:30:00",
            "device_id": "dining_table_001",
            "patch": {}
          }
        ],
        "patch_on_end": [
          {
            "timestamp": "2026-02-17T18:31:30",
            "device_id": "dining_table_001",
            "patch": {}
          }
        ]
      }
    },
    {
      "event_id": "act_010",
      "room_id": "kitchen",
      "start_time": "2026-02-17T18:31:30",
      "end_time": "2026-02-17T18:33:00",
      "description": "Open the smart fridge to gather ingredients.",
      "use_devices": true,
      "devices": [
        "smart_fridge_001"
      ],
      "layer5_device_state": {
        "patch_on_start": [
          {
            "timestamp": "2026-02-17T18:31:30",
            "device_id": "smart_fridge_001",
            "patch": {
              "state": "open"
            }
          }
        ],
        "patch_on_end": [
          {
            "timestamp": "2026-02-17T18:33:00",
            "device_id": "smart_fridge_001",
            "patch": {
              "state": "closed"
            }
          }
        ]
      }
    },
    {
      "event_id": "act_010",
      "room_id": "kitchen",
      "start_time": "2026-02-17T18:33:00",
      "end_time": "2026-02-17T18:35:00",
      "description": "Retrieve utensils from the kitchen cabinet.",
      "use_devices": true,
      "devices": [
        "kitchen_cabinet_001"
      ],
      "layer5_device_state": {
        "patch_on_start": [
          {
            "timestamp": "2026-02-17T18:33:00",
            "device_id": "kitchen_cabinet_001",
            "patch": {
              "state": "open"
            }
          }
        ],
        "patch_on_end": [
          {
            "timestamp": "2026-02-17T18:35:00",
            "device_id": "kitchen_cabinet_001",
            "patch": {
              "state": "closed"
            }
          }
        ]
      }
    },
    {
      "event_id": "act_010",
      "room_id": "kitchen",
      "start_time": "2026-02-17T18:35:00",
      "end_time": "2026-02-17T18:50:00",
      "description": "Heat the gathered ingredients in the microwave.",
      "use_devices": true,
      "devices": [
        "microwave_001"
      ],
      "layer5_device_state": {
        "patch_on_start": [
          {
            "timestamp": "2026-02-17T18:35:00",
            "device_id": "microwave_001",
            "patch": {
              "power": "on"
            }
          }
        ],
        "patch_on_end": [
          {
            "timestamp": "2026-02-17T18:50:00",
            "device_id": "microwave_001",
            "patch": {
              "power": "off"
            }
          }
        ]
      }
    },
    {
      "event_id": "act_010",
      "room_id": "kitchen",
      "start_time": "2026-02-17T18:50:00",
      "end_time": "2026-02-17T18:55:00",
      "description": "Arrange the table for dinner.",
      "use_devices": true,
      "devices": [
        "dining_table_001"
      ],
      "layer5_device_state": {
        "patch_on_start": [
          {
            "timestamp": "2026-02-17T18:50:00",
            "device_id": "dining_table_001",
            "patch": {}
          }
        ],
        "patch_on_end": [
          {
            "timestamp": "2026-02-17T18:55:00",
            "device_id": "dining_table_001",
            "patch": {}
          }
        ]
      }
    },
    {
      "event_id": "act_010",
      "room_id": "kitchen",
      "start_time": "2026-02-17T18:55:00",
      "end_time": "2026-02-17T19:00:00",
      "description": "Enjoy the prepared Japanese-style dinner.",
      "use_devices": true,
      "devices": [
        "dining_table_001"
      ],
      "layer5_device_state": {
        "patch_on_start": [
          {
            "timestamp": "2026-02-17T18:55:00",
            "device_id": "dining_table_001",
            "patch": {}
          }
        ],
        "patch_on_end": [
          {
            "timestamp": "2026-02-17T19:00:00",
            "device_id": "dining_table_001",
            "patch": {}
          }
        ]
      }
    },
    {
      "event_id": "act_011",
      "room_id": "living_room",
      "start_time": "2026-02-17T19:00:00",
      "end_time": "2026-02-17T19:05:00",
      "description": "Turn on the game console and start setting up for a gaming session.",
      "use_devices": true,
      "devices": [
        "game_console_001"
      ],
      "layer5_device_state": {
        "patch_on_start": [
          {
            "timestamp": "2026-02-17T19:00:00",
            "device_id": "game_console_001",
            "patch": {
              "power": "on"
            }
          }
        ],
        "patch_on_end": [
          {
            "timestamp": "2026-02-17T19:05:00",
            "device_id": "game_console_001",
            "patch": {
              "power": "off"
            }
          }
        ]
      }
    },
    {
      "event_id": "act_011",
      "room_id": "living_room",
      "start_time": "2026-02-17T19:05:00",
      "end_time": "2026-02-17T20:30:00",
      "description": "Engage in an interactive gaming session using the console.",
      "use_devices": true,
      "devices": [
        "game_console_001"
      ],
      "layer5_device_state": {
        "patch_on_start": [
          {
            "timestamp": "2026-02-17T19:05:00",
            "device_id": "game_console_001",
            "patch": {
              "power": "on",
              "mode": "play_game"
            }
          }
        ],
        "patch_on_end": [
          {
            "timestamp": "2026-02-17T20:30:00",
            "device_id": "game_console_001",
            "patch": {
              "power": "off"
            }
          }
        ]
      }
    },
    {
      "event_id": "act_011",
      "room_id": "living_room",
      "start_time": "2026-02-17T20:30:00",
      "end_time": "2026-02-17T20:35:00",
      "description": "Turn off the game console and organize the gaming area.",
      "use_devices": true,
      "devices": [
        "game_console_001"
      ],
      "layer5_device_state": {
        "patch_on_start": [
          {
            "timestamp": "2026-02-17T20:30:00",
            "device_id": "game_console_001",
            "patch": {
              "power": "off"
            }
          }
        ],
        "patch_on_end": []
      }
    },
    {
      "event_id": "act_011",
      "room_id": "living_room",
      "start_time": "2026-02-17T20:35:00",
      "end_time": "2026-02-17T21:00:00",
      "description": "Relax on the sofa while reflecting on the gaming experience.",
      "use_devices": true,
      "devices": [
        "sofa_001"
      ],
      "layer5_device_state": {
        "patch_on_start": [
          {
            "timestamp": "2026-02-17T20:35:00",
            "device_id": "sofa_001",
            "patch": {}
          }
        ],
        "patch_on_end": [
          {
            "timestamp": "2026-02-17T21:00:00",
            "device_id": "sofa_001",
            "patch": {}
          }
        ]
      }
    },
    {
      "event_id": "act_012",
      "room_id": "master_bedroom",
      "start_time": "2026-02-17T21:00:00",
      "end_time": "2026-02-17T21:05:00",
      "description": "Adjusting the air purifier to ensure optimal sleep environment.",
      "use_devices": true,
      "devices": [
        "air_purifier_001"
      ],
      "layer5_device_state": {
        "patch_on_start": [
          {
            "timestamp": "2026-02-17T21:00:00",
            "device_id": "air_purifier_001",
            "patch": {
              "power": "on",
              "mode": "sleep"
            }
          }
        ],
        "patch_on_end": [
          {
            "timestamp": "2026-02-17T21:05:00",
            "device_id": "air_purifier_001",
            "patch": {
              "power": "off"
            }
          }
        ]
      }
    },
    {
      "event_id": "act_012",
      "room_id": "master_bedroom",
      "start_time": "2026-02-17T21:05:00",
      "end_time": "2026-02-17T21:20:00",
      "description": "Organizing the wardrobe to select comfortable sleepwear.",
      "use_devices": true,
      "devices": [
        "wardrobe_001"
      ],
      "layer5_device_state": {
        "patch_on_start": [
          {
            "timestamp": "2026-02-17T21:05:00",
            "device_id": "wardrobe_001",
            "patch": {}
          }
        ],
        "patch_on_end": [
          {
            "timestamp": "2026-02-17T21:20:00",
            "device_id": "wardrobe_001",
            "patch": {}
          }
        ]
      }
    },
    {
      "event_id": "act_012",
      "room_id": "master_bedroom",
      "start_time": "2026-02-17T21:20:00",
      "end_time": "2026-02-17T21:25:00",
      "description": "Setting the smart lamp to a relaxing brightness and color.",
      "use_devices": true,
      "devices": [
        "smart_lamp_001"
      ],
      "layer5_device_state": {
        "patch_on_start": [
          {
            "timestamp": "2026-02-17T21:20:00",
            "device_id": "smart_lamp_001",
            "patch": {
              "power": "on",
              "brightness": "relaxing",
              "color": "relaxing"
            }
          }
        ],
        "patch_on_end": [
          {
            "timestamp": "2026-02-17T21:25:00",
            "device_id": "smart_lamp_001",
            "patch": {
              "power": "off"
            }
          }
        ]
      }
    },
    {
      "event_id": "act_012",
      "room_id": "master_bedroom",
      "start_time": "2026-02-17T21:25:00",
      "end_time": "2026-02-17T23:30:00",
      "description": "Relaxing in bed while unwinding from the day's events.",
      "use_devices": true,
      "devices": [
        "bed_001"
      ],
      "layer5_device_state": {
        "patch_on_start": [
          {
            "timestamp": "2026-02-17T21:25:00",
            "device_id": "bed_001",
            "patch": {}
          }
        ],
        "patch_on_end": [
          {
            "timestamp": "2026-02-17T23:30:00",
            "device_id": "bed_001",
            "patch": {}
          }
        ]
      }
    },
    {
      "event_id": "act_013",
      "room_id": "master_bedroom",
      "start_time": "2026-02-17T23:30:00",
      "end_time": "2026-02-17T23:35:00",
      "description": "Adjusting the smart lamp for optimal sleeping conditions.",
      "use_devices": true,
      "devices": [
        "smart_lamp_001"
      ],
      "layer5_device_state": {
        "patch_on_start": [
          {
            "timestamp": "2026-02-17T23:30:00",
            "device_id": "smart_lamp_001",
            "patch": {
              "power": "on",
              "brightness": "dim",
              "color": "warm"
            }
          }
        ],
        "patch_on_end": [
          {
            "timestamp": "2026-02-17T23:35:00",
            "device_id": "smart_lamp_001",
            "patch": {
              "power": "off"
            }
          }
        ]
      }
    },
    {
      "event_id": "act_013",
      "room_id": "master_bedroom",
      "start_time": "2026-02-17T23:35:00",
      "end_time": "2026-02-17T23:40:00",
      "description": "Closing the blackout curtain to block external light.",
      "use_devices": true,
      "devices": [
        "blackout_curtain_001"
      ],
      "layer5_device_state": {
        "patch_on_start": [
          {
            "timestamp": "2026-02-17T23:35:00",
            "device_id": "blackout_curtain_001",
            "patch": {
              "state": "closed"
            }
          }
        ],
        "patch_on_end": [
          {
            "timestamp": "2026-02-17T23:40:00",
            "device_id": "blackout_curtain_001",
            "patch": {}
          }
        ]
      }
    },
    {
      "event_id": "act_013",
      "room_id": "master_bedroom",
      "start_time": "2026-02-17T23:40:00",
      "end_time": "2026-02-17T23:45:00",
      "description": "Turning on the air purifier to ensure a clean environment.",
      "use_devices": true,
      "devices": [
        "air_purifier_001"
      ],
      "layer5_device_state": {
        "patch_on_start": [
          {
            "timestamp": "2026-02-17T23:40:00",
            "device_id": "air_purifier_001",
            "patch": {
              "power": "on"
            }
          }
        ],
        "patch_on_end": [
          {
            "timestamp": "2026-02-17T23:45:00",
            "device_id": "air_purifier_001",
            "patch": {
              "power": "off"
            }
          }
        ]
      }
    },
    {
      "event_id": "act_013",
      "room_id": "master_bedroom",
      "start_time": "2026-02-17T23:45:00",
      "end_time": "2026-02-18T07:00:00",
      "description": "Sleeping on the bed for rest and recovery.",
      "use_devices": true,
      "devices": [
        "bed_001"
      ],
      "layer5_device_state": {
        "patch_on_start": [
          {
            "timestamp": "2026-02-17T23:45:00",
            "device_id": "bed_001",
            "patch": {}
          }
        ],
        "patch_on_end": [
          {
            "timestamp": "2026-02-18T07:00:00",
            "device_id": "bed_001",
            "patch": {}
          }
        ]
      }
    }
  ]
}