{
  "action_event_chain": [
    {
      "event_id": "act_001",
      "room_id": "master_bedroom",
      "start_time": "2026-02-12T07:00:00",
      "end_time": "2026-02-12T07:03:00",
      "description": "张辰从床上起身，准备迎接新的一天。",
      "use_devices": true,
      "devices": [
        "bed_001"
      ],
      "layer5_device_state": {
        "patch_on_start": [
          {
            "timestamp": "2026-02-12T07:00:00",
            "device_id": "bed_001",
            "patch": {
              "mode": "get_up"
            }
          }
        ],
        "patch_on_end": []
      }
    },
    {
      "event_id": "act_001",
      "room_id": "master_bedroom",
      "start_time": "2026-02-12T07:03:00",
      "end_time": "2026-02-12T07:06:00",
      "description": "张辰拉开遮光窗帘，阳光洒满房间，带来一天的好心情。",
      "use_devices": true,
      "devices": [
        "blackout_curtain_001"
      ],
      "layer5_device_state": {
        "patch_on_start": [
          {
            "timestamp": "2026-02-12T07:03:00",
            "device_id": "blackout_curtain_001",
            "patch": {
              "state": "open"
            }
          }
        ],
        "patch_on_end": []
      }
    },
    {
      "event_id": "act_001",
      "room_id": "master_bedroom",
      "start_time": "2026-02-12T07:06:00",
      "end_time": "2026-02-12T07:15:00",
      "description": "张辰整理床铺，使卧室整洁有序，为一天的开始营造舒适的环境。",
      "use_devices": true,
      "devices": [
        "bed_001"
      ],
      "layer5_device_state": {
        "patch_on_start": [
          {
            "timestamp": "2026-02-12T07:06:00",
            "device_id": "bed_001",
            "patch": {}
          }
        ],
        "patch_on_end": [
          {
            "timestamp": "2026-02-12T07:15:00",
            "device_id": "bed_001",
            "patch": {}
          }
        ]
      }
    },
    {
      "event_id": "act_002",
      "room_id": "bathroom",
      "start_time": "2026-02-12T07:15:00",
      "end_time": "2026-02-12T07:16:00",
      "description": "张辰从起始点前往浴室，准备进行个人清洁活动。",
      "use_devices": false,
      "devices": [],
      "layer5_device_state": {
        "patch_on_start": [],
        "patch_on_end": []
      }
    },
    {
      "event_id": "act_002",
      "room_id": "bathroom",
      "start_time": "2026-02-12T07:16:00",
      "end_time": "2026-02-12T07:18:00",
      "description": "张辰从洗手台柜中取出洗漱用品，为清洁活动做准备。",
      "use_devices": true,
      "devices": [
        "sink_cabinet_001"
      ],
      "layer5_device_state": {
        "patch_on_start": [
          {
            "timestamp": "2026-02-12T07:16:00",
            "device_id": "sink_cabinet_001",
            "patch": {
              "state": "open"
            }
          }
        ],
        "patch_on_end": [
          {
            "timestamp": "2026-02-12T07:18:00",
            "device_id": "sink_cabinet_001",
            "patch": {
              "state": "closed"
            }
          }
        ]
      }
    },
    {
      "event_id": "act_002",
      "room_id": "bathroom",
      "start_time": "2026-02-12T07:18:00",
      "end_time": "2026-02-12T07:20:00",
      "description": "张辰使用智能镜子查看今日的天气和日程安排。",
      "use_devices": true,
      "devices": [
        "smart_mirror_001"
      ],
      "layer5_device_state": {
        "patch_on_start": [
          {
            "timestamp": "2026-02-12T07:18:00",
            "device_id": "smart_mirror_001",
            "patch": {
              "power": "on"
            }
          }
        ],
        "patch_on_end": [
          {
            "timestamp": "2026-02-12T07:20:00",
            "device_id": "smart_mirror_001",
            "patch": {
              "power": "off"
            }
          }
        ]
      }
    },
    {
      "event_id": "act_002",
      "room_id": "bathroom",
      "start_time": "2026-02-12T07:20:00",
      "end_time": "2026-02-12T07:25:00",
      "description": "张辰清洗脸部并用毛巾擦干。",
      "use_devices": true,
      "devices": [
        "sink_cabinet_001"
      ],
      "layer5_device_state": {
        "patch_on_start": [
          {
            "timestamp": "2026-02-12T07:20:00",
            "device_id": "sink_cabinet_001",
            "patch": {
              "state": "open"
            }
          }
        ],
        "patch_on_end": [
          {
            "timestamp": "2026-02-12T07:25:00",
            "device_id": "sink_cabinet_001",
            "patch": {
              "state": "closed"
            }
          }
        ]
      }
    },
    {
      "event_id": "act_002",
      "room_id": "bathroom",
      "start_time": "2026-02-12T07:25:00",
      "end_time": "2026-02-12T07:30:00",
      "description": "张辰将脏衣服放入洗衣机并设置洗涤模式。",
      "use_devices": true,
      "devices": [
        "washing_machine_001"
      ],
      "layer5_device_state": {
        "patch_on_start": [
          {
            "timestamp": "2026-02-12T07:25:00",
            "device_id": "washing_machine_001",
            "patch": {}
          }
        ],
        "patch_on_end": [
          {
            "timestamp": "2026-02-12T07:30:00",
            "device_id": "washing_machine_001",
            "patch": {}
          }
        ]
      }
    },
    {
      "event_id": "act_002",
      "room_id": "bathroom",
      "start_time": "2026-02-12T07:30:00",
      "end_time": "2026-02-12T07:35:00",
      "description": "张辰将干净衣物放入烘干机进行烘干。",
      "use_devices": true,
      "devices": [
        "dryer_001"
      ],
      "layer5_device_state": {
        "patch_on_start": [
          {
            "timestamp": "2026-02-12T07:30:00",
            "device_id": "dryer_001",
            "patch": {
              "power": "on",
              "mode": "dry"
            }
          }
        ],
        "patch_on_end": [
          {
            "timestamp": "2026-02-12T07:35:00",
            "device_id": "dryer_001",
            "patch": {
              "power": "off"
            }
          }
        ]
      }
    },
    {
      "event_id": "act_002",
      "room_id": "bathroom",
      "start_time": "2026-02-12T07:35:00",
      "end_time": "2026-02-12T07:45:00",
      "description": "张辰等待洗衣机完成洗涤过程，同时放松心情。",
      "use_devices": false,
      "devices": [],
      "layer5_device_state": {
        "patch_on_start": [],
        "patch_on_end": []
      }
    },
    {
      "event_id": "act_003",
      "room_id": "kitchen",
      "start_time": "2026-02-12T07:45:00",
      "end_time": "2026-02-12T07:50:00",
      "description": "张辰打开智能冰箱，检查库存以选择早餐食材。",
      "use_devices": true,
      "devices": [
        "smart_fridge_001"
      ],
      "layer5_device_state": {
        "patch_on_start": [
          {
            "timestamp": "2026-02-12T07:45:00",
            "device_id": "smart_fridge_001",
            "patch": {
              "state": "open"
            }
          }
        ],
        "patch_on_end": [
          {
            "timestamp": "2026-02-12T07:50:00",
            "device_id": "smart_fridge_001",
            "patch": {
              "state": "closed"
            }
          }
        ]
      }
    },
    {
      "event_id": "act_003",
      "room_id": "kitchen",
      "start_time": "2026-02-12T07:50:00",
      "end_time": "2026-02-12T07:55:00",
      "description": "张辰使用微波炉加热早餐食物。",
      "use_devices": true,
      "devices": [
        "microwave_001"
      ],
      "layer5_device_state": {
        "patch_on_start": [
          {
            "timestamp": "2026-02-12T07:50:00",
            "device_id": "microwave_001",
            "patch": {}
          }
        ],
        "patch_on_end": [
          {
            "timestamp": "2026-02-12T07:55:00",
            "device_id": "microwave_001",
            "patch": {}
          }
        ]
      }
    },
    {
      "event_id": "act_003",
      "room_id": "kitchen",
      "start_time": "2026-02-12T07:55:00",
      "end_time": "2026-02-12T08:00:00",
      "description": "张辰将早餐放置在餐桌上准备享用。",
      "use_devices": true,
      "devices": [
        "dining_table_001"
      ],
      "layer5_device_state": {
        "patch_on_start": [
          {
            "timestamp": "2026-02-12T07:55:00",
            "device_id": "dining_table_001",
            "patch": {}
          }
        ],
        "patch_on_end": [
          {
            "timestamp": "2026-02-12T08:00:00",
            "device_id": "dining_table_001",
            "patch": {}
          }
        ]
      }
    },
    {
      "event_id": "act_003",
      "room_id": "kitchen",
      "start_time": "2026-02-12T08:00:00",
      "end_time": "2026-02-12T08:15:00",
      "description": "张辰在餐桌上享用早餐，放松片刻。",
      "use_devices": true,
      "devices": [
        "dining_table_001"
      ],
      "layer5_device_state": {
        "patch_on_start": [
          {
            "timestamp": "2026-02-12T08:00:00",
            "device_id": "dining_table_001",
            "patch": {}
          }
        ],
        "patch_on_end": [
          {
            "timestamp": "2026-02-12T08:15:00",
            "device_id": "dining_table_001",
            "patch": {}
          }
        ]
      }
    },
    {
      "event_id": "act_004",
      "room_id": "Outside",
      "start_time": "2026-02-12T08:15:00",
      "end_time": "2026-02-12T09:00:00",
      "description": "张辰离开家中，开始通勤前往公司。",
      "use_devices": false,
      "devices": [],
      "layer5_device_state": {
        "patch_on_start": [],
        "patch_on_end": []
      }
    },
    {
      "event_id": "act_005",
      "room_id": "Outside",
      "start_time": "2026-02-12T10:00:00",
      "end_time": "2026-02-12T12:00:00",
      "description": "张辰参与公司会议室的例行项目会议，讨论工作进展。",
      "use_devices": false,
      "devices": [],
      "layer5_device_state": {
        "patch_on_start": [],
        "patch_on_end": []
      }
    },
    {
      "event_id": "act_006",
      "room_id": "Outside",
      "start_time": "2026-02-12T12:30:00",
      "end_time": "2026-02-12T13:00:00",
      "description": "张辰与同事一同在公司餐厅用餐，交流当天的工作感想。",
      "use_devices": false,
      "devices": [],
      "layer5_device_state": {
        "patch_on_start": [],
        "patch_on_end": []
      }
    },
    {
      "event_id": "act_007",
      "room_id": "living_room",
      "start_time": "2026-02-12T13:30:00",
      "end_time": "2026-02-12T13:40:00",
      "description": "张辰正在准备开始下午的工作任务。",
      "use_devices": false,
      "devices": [],
      "layer5_device_state": {
        "patch_on_start": [],
        "patch_on_end": []
      }
    },
    {
      "event_id": "act_007",
      "room_id": "study_room",
      "start_time": "2026-02-12T13:40:00",
      "end_time": "2026-02-12T15:30:00",
      "description": "张辰整理会议记录并编辑相关文件。",
      "use_devices": false,
      "devices": [],
      "layer5_device_state": {
        "patch_on_start": [],
        "patch_on_end": []
      }
    },
    {
      "event_id": "act_007",
      "room_id": "study_room",
      "start_time": "2026-02-12T15:30:00",
      "end_time": "2026-02-12T15:40:00",
      "description": "张辰休息片刻，缓解工作压力。",
      "use_devices": false,
      "devices": [],
      "layer5_device_state": {
        "patch_on_start": [],
        "patch_on_end": []
      }
    },
    {
      "event_id": "act_007",
      "room_id": "study_room",
      "start_time": "2026-02-12T15:40:00",
      "end_time": "2026-02-12T17:30:00",
      "description": "张辰继续完成工作任务。",
      "use_devices": false,
      "devices": [],
      "layer5_device_state": {
        "patch_on_start": [],
        "patch_on_end": []
      }
    },
    {
      "event_id": "act_008",
      "room_id": "Outside",
      "start_time": "2026-02-12T17:30:00",
      "end_time": "2026-02-12T18:15:00",
      "description": "张辰结束一天的工作，搭乘交通工具返回家中。",
      "use_devices": false,
      "devices": [],
      "layer5_device_state": {
        "patch_on_start": [],
        "patch_on_end": []
      }
    },
    {
      "event_id": "act_009",
      "room_id": "kitchen",
      "start_time": "2026-02-12T19:00:00",
      "end_time": "2026-02-12T19:02:00",
      "description": "张辰走进厨房，为晚餐准备开始。",
      "use_devices": false,
      "devices": [],
      "layer5_device_state": {
        "patch_on_start": [],
        "patch_on_end": []
      }
    },
    {
      "event_id": "act_009",
      "room_id": "kitchen",
      "start_time": "2026-02-12T19:02:00",
      "end_time": "2026-02-12T19:05:00",
      "description": "张辰打开智能冰箱，检查食材库存。",
      "use_devices": true,
      "devices": [
        "smart_fridge_001"
      ],
      "layer5_device_state": {
        "patch_on_start": [
          {
            "timestamp": "2026-02-12T19:02:00",
            "device_id": "smart_fridge_001",
            "patch": {
              "state": "open"
            }
          }
        ],
        "patch_on_end": [
          {
            "timestamp": "2026-02-12T19:05:00",
            "device_id": "smart_fridge_001",
            "patch": {
              "state": "closed"
            }
          }
        ]
      }
    },
    {
      "event_id": "act_009",
      "room_id": "kitchen",
      "start_time": "2026-02-12T19:05:00",
      "end_time": "2026-02-12T19:10:00",
      "description": "张辰取出所需食材并摆放在餐桌上。",
      "use_devices": true,
      "devices": [
        "dining_table_001"
      ],
      "layer5_device_state": {
        "patch_on_start": [
          {
            "timestamp": "2026-02-12T19:05:00",
            "device_id": "dining_table_001",
            "patch": {}
          }
        ],
        "patch_on_end": [
          {
            "timestamp": "2026-02-12T19:10:00",
            "device_id": "dining_table_001",
            "patch": {}
          }
        ]
      }
    },
    {
      "event_id": "act_009",
      "room_id": "kitchen",
      "start_time": "2026-02-12T19:10:00",
      "end_time": "2026-02-12T19:20:00",
      "description": "张辰使用微波炉加热食材。",
      "use_devices": true,
      "devices": [
        "microwave_001"
      ],
      "layer5_device_state": {
        "patch_on_start": [
          {
            "timestamp": "2026-02-12T19:10:00",
            "device_id": "microwave_001",
            "patch": {}
          }
        ],
        "patch_on_end": [
          {
            "timestamp": "2026-02-12T19:20:00",
            "device_id": "microwave_001",
            "patch": {}
          }
        ]
      }
    },
    {
      "event_id": "act_009",
      "room_id": "kitchen",
      "start_time": "2026-02-12T19:20:00",
      "end_time": "2026-02-12T19:30:00",
      "description": "张辰在餐桌上享受晚餐时光。",
      "use_devices": true,
      "devices": [
        "dining_table_001"
      ],
      "layer5_device_state": {
        "patch_on_start": [
          {
            "timestamp": "2026-02-12T19:20:00",
            "device_id": "dining_table_001",
            "patch": {}
          }
        ],
        "patch_on_end": [
          {
            "timestamp": "2026-02-12T19:30:00",
            "device_id": "dining_table_001",
            "patch": {}
          }
        ]
      }
    },
    {
      "event_id": "act_010",
      "room_id": "living_room",
      "start_time": "2026-02-12T20:00:00",
      "end_time": "2026-02-12T20:03:00",
      "description": "张辰感到头晕，试图坐在沙发上以稳定身体。",
      "use_devices": true,
      "devices": [
        "sofa_001"
      ],
      "layer5_device_state": {
        "patch_on_start": [
          {
            "timestamp": "2026-02-12T20:00:00",
            "device_id": "sofa_001",
            "patch": {}
          }
        ],
        "patch_on_end": [
          {
            "timestamp": "2026-02-12T20:03:00",
            "device_id": "sofa_001",
            "patch": {}
          }
        ]
      }
    },
    {
      "event_id": "act_010",
      "room_id": "living_room",
      "start_time": "2026-02-12T20:03:00",
      "end_time": "2026-02-12T20:06:00",
      "description": "张辰在沙发旁借助咖啡桌寻找支撑，尝试缓解不适感。",
      "use_devices": true,
      "devices": [
        "coffee_table_001"
      ],
      "layer5_device_state": {
        "patch_on_start": [
          {
            "timestamp": "2026-02-12T20:03:00",
            "device_id": "coffee_table_001",
            "patch": {}
          }
        ],
        "patch_on_end": [
          {
            "timestamp": "2026-02-12T20:06:00",
            "device_id": "coffee_table_001",
            "patch": {}
          }
        ]
      }
    },
    {
      "event_id": "act_010",
      "room_id": "living_room",
      "start_time": "2026-02-12T20:06:00",
      "end_time": "2026-02-12T20:10:00",
      "description": "张辰短暂休息，观察自身状况是否有所改善。",
      "use_devices": false,
      "devices": [],
      "layer5_device_state": {
        "patch_on_start": [],
        "patch_on_end": []
      }
    },
    {
      "event_id": "act_011",
      "room_id": "living_room",
      "start_time": "2026-02-12T20:10:00",
      "end_time": "2026-02-12T20:15:00",
      "description": "张辰拿起手机拨打急救电话。",
      "use_devices": false,
      "devices": [],
      "layer5_device_state": {
        "patch_on_start": [],
        "patch_on_end": []
      }
    },
    {
      "event_id": "act_011",
      "room_id": "living_room",
      "start_time": "2026-02-12T20:15:00",
      "end_time": "2026-02-12T21:00:00",
      "description": "拨打电话后等待救援的到来，舒适地躺在沙发上休息。",
      "use_devices": true,
      "devices": [
        "sofa_001"
      ],
      "layer5_device_state": {
        "patch_on_start": [
          {
            "timestamp": "2026-02-12T20:15:00",
            "device_id": "sofa_001",
            "patch": {
              "mode": "lie_down"
            }
          }
        ],
        "patch_on_end": [
          {
            "timestamp": "2026-02-12T21:00:00",
            "device_id": "sofa_001",
            "patch": {
              "mode": "stand_up"
            }
          }
        ]
      }
    },
    {
      "event_id": "act_012",
      "room_id": "master_bedroom",
      "start_time": "2026-02-12T21:30:00",
      "end_time": "2026-02-12T21:35:00",
      "description": "从客厅移动至主卧准备休息。",
      "use_devices": false,
      "devices": [],
      "layer5_device_state": {
        "patch_on_start": [],
        "patch_on_end": []
      }
    },
    {
      "event_id": "act_012",
      "room_id": "master_bedroom",
      "start_time": "2026-02-12T21:35:00",
      "end_time": "2026-02-12T21:40:00",
      "description": "拉上遮光窗帘，营造适合休息的光线环境。",
      "use_devices": true,
      "devices": [
        "blackout_curtain_001"
      ],
      "layer5_device_state": {
        "patch_on_start": [
          {
            "timestamp": "2026-02-12T21:35:00",
            "device_id": "blackout_curtain_001",
            "patch": {
              "state": "closed"
            }
          }
        ],
        "patch_on_end": [
          {
            "timestamp": "2026-02-12T21:40:00",
            "device_id": "blackout_curtain_001",
            "patch": {}
          }
        ]
      }
    },
    {
      "event_id": "act_012",
      "room_id": "master_bedroom",
      "start_time": "2026-02-12T21:40:00",
      "end_time": "2026-02-12T21:45:00",
      "description": "调整智能台灯亮度至舒适的水平。",
      "use_devices": true,
      "devices": [
        "smart_lamp_001"
      ],
      "layer5_device_state": {
        "patch_on_start": [
          {
            "timestamp": "2026-02-12T21:40:00",
            "device_id": "smart_lamp_001",
            "patch": {
              "power": "on",
              "brightness": "comfortable"
            }
          }
        ],
        "patch_on_end": []
      }
    },
    {
      "event_id": "act_012",
      "room_id": "master_bedroom",
      "start_time": "2026-02-12T21:45:00",
      "end_time": "2026-02-12T21:50:00",
      "description": "开启空气净化器以改善室内空气质量。",
      "use_devices": true,
      "devices": [
        "air_purifier_001"
      ],
      "layer5_device_state": {
        "patch_on_start": [
          {
            "timestamp": "2026-02-12T21:45:00",
            "device_id": "air_purifier_001",
            "patch": {
              "power": "on"
            }
          }
        ],
        "patch_on_end": [
          {
            "timestamp": "2026-02-12T21:50:00",
            "device_id": "air_purifier_001",
            "patch": {
              "power": "off"
            }
          }
        ]
      }
    },
    {
      "event_id": "act_012",
      "room_id": "master_bedroom",
      "start_time": "2026-02-12T21:50:00",
      "end_time": "2026-02-13T07:00:00",
      "description": "在床上舒适地躺下，准备进入休息状态。",
      "use_devices": true,
      "devices": [
        "bed_001"
      ],
      "layer5_device_state": {
        "patch_on_start": [
          {
            "timestamp": "2026-02-12T21:50:00",
            "device_id": "bed_001",
            "patch": {}
          }
        ],
        "patch_on_end": [
          {
            "timestamp": "2026-02-13T07:00:00",
            "device_id": "bed_001",
            "patch": {}
          }
        ]
      }
    }
  ]
}