{
  "activities": [
    {
      "activity_id": "act_001",
      "activity_name": "起床与晨间准备",
      "start_time": "2026-02-18T07:00:00",
      "end_time": "2026-02-18T07:30:00",
      "description": "从卧室起床，拉开窗帘并整理床铺，随后前往浴室进行洗漱。",
      "main_rooms": [
        "master_bedroom",
        "bathroom"
      ]
    },
    {
      "activity_id": "act_002",
      "activity_name": "早餐准备与享用",
      "start_time": "2026-02-18T07:30:00",
      "end_time": "2026-02-18T08:00:00",
      "description": "在厨房准备早餐，使用冰箱取出食材并加热。随后在餐桌享用早餐。",
      "main_rooms": [
        "kitchen"
      ]
    },
    {
      "activity_id": "act_003",
      "activity_name": "通勤与上午工作",
      "start_time": "2026-02-18T08:00:00",
      "end_time": "2026-02-18T12:30:00",
      "description": "从家中出发前往公司，参与项目会议并处理上午的工作任务。",
      "main_rooms": []
    },
    {
      "activity_id": "act_004",
      "activity_name": "午餐时间",
      "start_time": "2026-02-18T12:30:00",
      "end_time": "2026-02-18T13:30:00",
      "description": "在公司附近的餐厅享用午餐，选择符合健康饮食的菜品。",
      "main_rooms": []
    },
    {
      "activity_id": "act_005",
      "activity_name": "下午工作",
      "start_time": "2026-02-18T13:30:00",
      "end_time": "2026-02-18T17:30:00",
      "description": "返回工作场所，完成品牌营销相关任务，并与团队进行协作。",
      "main_rooms": []
    },
    {
      "activity_id": "act_006",
      "activity_name": "通勤回家",
      "start_time": "2026-02-18T17:30:00",
      "end_time": "2026-02-18T18:30:00",
      "description": "从工作地点返回家中，准备晚间活动。",
      "main_rooms": []
    },
    {
      "activity_id": "act_007",
      "activity_name": "健身训练",
      "start_time": "2026-02-18T18:30:00",
      "end_time": "2026-02-18T20:00:00",
      "description": "在健身房进行力量训练，专注于提升身体健康。",
      "main_rooms": []
    },
    {
      "activity_id": "act_008",
      "activity_name": "晚餐时间",
      "start_time": "2026-02-18T20:00:00",
      "end_time": "2026-02-18T21:00:00",
      "description": "享用低糖日式料理，补充营养。",
      "main_rooms": []
    },
    {
      "activity_id": "act_009",
      "activity_name": "居家放松",
      "start_time": "2026-02-18T21:00:00",
      "end_time": "2026-02-18T23:30:00",
      "description": "在客厅观看纪录片并放松，享受轻松时光。",
      "main_rooms": [
        "living_room"
      ]
    },
    {
      "activity_id": "act_010",
      "activity_name": "入睡",
      "start_time": "2026-02-18T23:30:00",
      "end_time": "2026-02-19T07:00:00",
      "description": "完成洗漱后，调整卧室环境，进入睡眠。",
      "main_rooms": [
        "master_bedroom"
      ]
    }
  ]
}