{
  "activities": [
    {
      "activity_id": "act_001",
      "activity_name": "起床与晨间准备",
      "start_time": "2026-02-15T09:00:00",
      "end_time": "2026-02-15T09:30:00",
      "description": "张辰在主卧起床，整理床铺并更换衣物。",
      "main_rooms": [
        "master_bedroom"
      ]
    },
    {
      "activity_id": "act_002",
      "activity_name": "早餐",
      "start_time": "2026-02-15T09:30:00",
      "end_time": "2026-02-15T10:00:00",
      "description": "准备并享用一份营养丰富的早餐。",
      "main_rooms": [
        "kitchen"
      ]
    },
    {
      "activity_id": "act_003",
      "activity_name": "记录社交活动",
      "start_time": "2026-02-15T10:00:00",
      "end_time": "2026-02-15T10:30:00",
      "description": "在客厅使用笔记本回顾并记录昨日的桌游聚会。",
      "main_rooms": [
        "living_room"
      ]
    },
    {
      "activity_id": "act_004",
      "activity_name": "个人成长时间",
      "start_time": "2026-02-15T10:30:00",
      "end_time": "2026-02-15T12:00:00",
      "description": "在书房阅读科技类书籍，提升知识储备。",
      "main_rooms": [
        "study_room"
      ]
    },
    {
      "activity_id": "act_005",
      "activity_name": "午餐准备与享用",
      "start_time": "2026-02-15T12:00:00",
      "end_time": "2026-02-15T12:45:00",
      "description": "烹饪一份健康的午餐，注重低糖饮食。",
      "main_rooms": [
        "kitchen"
      ]
    },
    {
      "activity_id": "act_006",
      "activity_name": "午后休息",
      "start_time": "2026-02-15T12:45:00",
      "end_time": "2026-02-15T13:30:00",
      "description": "在客厅沙发小憩，恢复精力。",
      "main_rooms": [
        "living_room"
      ]
    },
    {
      "activity_id": "act_007",
      "activity_name": "娱乐时光",
      "start_time": "2026-02-15T13:30:00",
      "end_time": "2026-02-15T15:00:00",
      "description": "在客厅使用游戏机玩Switch游戏，放松心情。",
      "main_rooms": [
        "living_room"
      ]
    },
    {
      "activity_id": "act_008",
      "activity_name": "工作准备",
      "start_time": "2026-02-15T15:00:00",
      "end_time": "2026-02-15T17:00:00",
      "description": "在书房使用双显示器整理下周的工作计划。",
      "main_rooms": [
        "study_room"
      ]
    },
    {
      "activity_id": "act_009",
      "activity_name": "个人护理",
      "start_time": "2026-02-15T17:00:00",
      "end_time": "2026-02-15T17:30:00",
      "description": "进行沐浴并更换清爽的衣物。",
      "main_rooms": [
        "bathroom"
      ]
    },
    {
      "activity_id": "act_010",
      "activity_name": "晚餐准备与享用",
      "start_time": "2026-02-15T17:30:00",
      "end_time": "2026-02-15T18:30:00",
      "description": "准备并享用一份日式料理风格的晚餐。",
      "main_rooms": [
        "kitchen"
      ]
    },
    {
      "activity_id": "act_011",
      "activity_name": "社交互动",
      "start_time": "2026-02-15T18:30:00",
      "end_time": "2026-02-15T21:00:00",
      "description": "邀请朋友至客厅进行桌游活动，增进感情。",
      "main_rooms": [
        "living_room"
      ]
    },
    {
      "activity_id": "act_012",
      "activity_name": "放松时间",
      "start_time": "2026-02-15T21:00:00",
      "end_time": "2026-02-15T23:00:00",
      "description": "在客厅观看一部科技类纪录片，享受轻松时光。",
      "main_rooms": [
        "living_room"
      ]
    },
    {
      "activity_id": "act_013",
      "activity_name": "睡前准备",
      "start_time": "2026-02-15T23:00:00",
      "end_time": "2026-02-15T23:30:00",
      "description": "回到主卧，进行晚间护肤和整理。",
      "main_rooms": [
        "master_bedroom"
      ]
    },
    {
      "activity_id": "act_014",
      "activity_name": "入睡",
      "start_time": "2026-02-15T23:30:00",
      "end_time": "2026-02-16T07:00:00",
      "description": "张辰在主卧入睡，进入深度睡眠，为明天储备精力。",
      "main_rooms": [
        "master_bedroom"
      ]
    }
  ]
}