[
  {
    "activity_id": "act_001",
    "start_time": "2026-02-15T09:00:00",
    "end_time": "2026-02-15T09:02:00",
    "room_id": "master_bedroom",
    "target_object_ids": [
      "bed_001"
    ],
    "action_type": "interact",
    "description": "张辰从床上起身，开始新的一天。"
  },
  {
    "activity_id": "act_001",
    "start_time": "2026-02-15T09:02:00",
    "end_time": "2026-02-15T09:05:00",
    "room_id": "master_bedroom",
    "target_object_ids": [
      "bed_001"
    ],
    "action_type": "interact",
    "description": "整理床铺，使其整洁有序。"
  },
  {
    "activity_id": "act_001",
    "start_time": "2026-02-15T09:05:00",
    "end_time": "2026-02-15T09:10:00",
    "room_id": "master_bedroom",
    "target_object_ids": [
      "wardrobe_001"
    ],
    "action_type": "interact",
    "description": "打开衣柜挑选适合的服装。"
  },
  {
    "activity_id": "act_001",
    "start_time": "2026-02-15T09:10:00",
    "end_time": "2026-02-15T09:15:00",
    "room_id": "master_bedroom",
    "target_object_ids": [
      "wardrobe_001"
    ],
    "action_type": "interact",
    "description": "更换衣物，完成晨间准备。"
  },
  {
    "activity_id": "act_001",
    "start_time": "2026-02-15T09:15:00",
    "end_time": "2026-02-15T09:20:00",
    "room_id": "master_bedroom",
    "target_object_ids": [
      "blackout_curtain_001"
    ],
    "action_type": "interact",
    "description": "打开窗帘，让阳光洒入房间。"
  },
  {
    "activity_id": "act_001",
    "start_time": "2026-02-15T09:20:00",
    "end_time": "2026-02-15T09:22:00",
    "room_id": "master_bedroom",
    "target_object_ids": [
      "air_purifier_001"
    ],
    "action_type": "interact",
    "description": "启动空气净化器，改善室内空气质量。"
  },
  {
    "activity_id": "act_001",
    "start_time": "2026-02-15T09:22:00",
    "end_time": "2026-02-15T09:30:00",
    "room_id": "master_bedroom",
    "target_object_ids": [],
    "action_type": "idle",
    "description": "环顾房间，确保一切准备妥当。"
  },
  {
    "activity_id": "act_002",
    "start_time": "2026-02-15T09:30:00",
    "end_time": "2026-02-15T09:35:00",
    "room_id": "kitchen",
    "target_object_ids": [
      "smart_fridge_001"
    ],
    "action_type": "interact",
    "description": "打开智能冰箱，选择需要的食材。"
  },
  {
    "activity_id": "act_002",
    "start_time": "2026-02-15T09:35:00",
    "end_time": "2026-02-15T09:40:00",
    "room_id": "kitchen",
    "target_object_ids": [
      "kitchen_cabinet_001"
    ],
    "action_type": "interact",
    "description": "从厨房柜中取出餐具并摆放。"
  },
  {
    "activity_id": "act_002",
    "start_time": "2026-02-15T09:40:00",
    "end_time": "2026-02-15T09:45:00",
    "room_id": "kitchen",
    "target_object_ids": [
      "microwave_001"
    ],
    "action_type": "interact",
    "description": "使用微波炉加热食物到适宜温度。"
  },
  {
    "activity_id": "act_002",
    "start_time": "2026-02-15T09:45:00",
    "end_time": "2026-02-15T10:00:00",
    "room_id": "kitchen",
    "target_object_ids": [
      "dining_table_001"
    ],
    "action_type": "interact",
    "description": "在餐桌上享用早餐，放松心情。"
  },
  {
    "activity_id": "act_003",
    "start_time": "2026-02-15T10:00:00",
    "end_time": "2026-02-15T10:02:00",
    "room_id": "living_room",
    "target_object_ids": [],
    "action_type": "move",
    "description": "从厨房前往客厅，为记录活动做准备。"
  },
  {
    "activity_id": "act_003",
    "start_time": "2026-02-15T10:02:00",
    "end_time": "2026-02-15T10:05:00",
    "room_id": "living_room",
    "target_object_ids": [
      "sofa_001"
    ],
    "action_type": "interact",
    "description": "在沙发上坐下，打开笔记本电脑。"
  },
  {
    "activity_id": "act_003",
    "start_time": "2026-02-15T10:05:00",
    "end_time": "2026-02-15T10:28:00",
    "room_id": "living_room",
    "target_object_ids": [],
    "action_type": "interact",
    "description": "通过笔记本电脑回顾昨日的桌游聚会，记录关键点。"
  },
  {
    "activity_id": "act_003",
    "start_time": "2026-02-15T10:28:00",
    "end_time": "2026-02-15T10:30:00",
    "room_id": "living_room",
    "target_object_ids": [],
    "action_type": "idle",
    "description": "整理心情并稍作休息。"
  },
  {
    "activity_id": "act_004",
    "start_time": "2026-02-15T10:30:00",
    "end_time": "2026-02-15T10:35:00",
    "room_id": "study_room",
    "target_object_ids": [
      "bookshelf_002"
    ],
    "action_type": "interact",
    "description": "从书架上选择一本科技类书籍。"
  },
  {
    "activity_id": "act_004",
    "start_time": "2026-02-15T10:35:00",
    "end_time": "2026-02-15T11:50:00",
    "room_id": "study_room",
    "target_object_ids": [
      "ergonomic_chair_001",
      "desk_001"
    ],
    "action_type": "interact",
    "description": "坐在人体工学椅上开始阅读书籍。"
  },
  {
    "activity_id": "act_004",
    "start_time": "2026-02-15T11:50:00",
    "end_time": "2026-02-15T12:00:00",
    "room_id": "study_room",
    "target_object_ids": [
      "bookshelf_002"
    ],
    "action_type": "interact",
    "description": "将书籍放回书架并整理位置。"
  },
  {
    "activity_id": "act_005",
    "start_time": "2026-02-15T12:00:00",
    "end_time": "2026-02-15T12:01:00",
    "room_id": "kitchen",
    "target_object_ids": [],
    "action_type": "move",
    "description": "从书房移动至厨房以准备午餐。"
  },
  {
    "activity_id": "act_005",
    "start_time": "2026-02-15T12:01:00",
    "end_time": "2026-02-15T12:03:00",
    "room_id": "kitchen",
    "target_object_ids": [
      "kitchen_cabinet_001"
    ],
    "action_type": "interact",
    "description": "打开厨房柜取出烹饪用具。"
  },
  {
    "activity_id": "act_005",
    "start_time": "2026-02-15T12:03:00",
    "end_time": "2026-02-15T12:06:00",
    "room_id": "kitchen",
    "target_object_ids": [
      "smart_fridge_001"
    ],
    "action_type": "interact",
    "description": "从智能冰箱中取出食材。"
  },
  {
    "activity_id": "act_005",
    "start_time": "2026-02-15T12:06:00",
    "end_time": "2026-02-15T12:15:00",
    "room_id": "kitchen",
    "target_object_ids": [
      "dining_table_001"
    ],
    "action_type": "interact",
    "description": "在餐桌上清洗并准备食材。"
  },
  {
    "activity_id": "act_005",
    "start_time": "2026-02-15T12:15:00",
    "end_time": "2026-02-15T12:20:00",
    "room_id": "kitchen",
    "target_object_ids": [
      "microwave_001"
    ],
    "action_type": "interact",
    "description": "使用微波炉加热部分食材。"
  },
  {
    "activity_id": "act_005",
    "start_time": "2026-02-15T12:20:00",
    "end_time": "2026-02-15T12:40:00",
    "room_id": "kitchen",
    "target_object_ids": [
      "dining_table_001"
    ],
    "action_type": "interact",
    "description": "在餐桌上享用精心准备的午餐。"
  },
  {
    "activity_id": "act_005",
    "start_time": "2026-02-15T12:40:00",
    "end_time": "2026-02-15T12:45:00",
    "room_id": "kitchen",
    "target_object_ids": [
      "dining_table_001",
      "trash_can_001"
    ],
    "action_type": "interact",
    "description": "清理餐桌并将垃圾放入垃圾桶。"
  },
  {
    "activity_id": "act_006",
    "start_time": "2026-02-15T12:45:00",
    "end_time": "2026-02-15T12:46:00",
    "room_id": "living_room",
    "target_object_ids": [],
    "action_type": "move",
    "description": "进入客厅，准备午后休息。"
  },
  {
    "activity_id": "act_006",
    "start_time": "2026-02-15T12:46:00",
    "end_time": "2026-02-15T12:48:00",
    "room_id": "living_room",
    "target_object_ids": [
      "sofa_001"
    ],
    "action_type": "interact",
    "description": "在沙发上坐下，调整姿势准备休息。"
  },
  {
    "activity_id": "act_006",
    "start_time": "2026-02-15T12:48:00",
    "end_time": "2026-02-15T13:28:00",
    "room_id": "living_room",
    "target_object_ids": [
      "sofa_001"
    ],
    "action_type": "idle",
    "description": "躺在沙发上，闭目养神。"
  },
  {
    "activity_id": "act_006",
    "start_time": "2026-02-15T13:28:00",
    "end_time": "2026-02-15T13:30:00",
    "room_id": "living_room",
    "target_object_ids": [
      "sofa_001"
    ],
    "action_type": "interact",
    "description": "从沙发上起身，准备离开客厅。"
  },
  {
    "activity_id": "act_007",
    "start_time": "2026-02-15T13:30:00",
    "end_time": "2026-02-15T13:32:00",
    "room_id": "living_room",
    "target_object_ids": [
      "tv_stand_001"
    ],
    "action_type": "interact",
    "description": "打开电视柜，取出Switch游戏机。"
  },
  {
    "activity_id": "act_007",
    "start_time": "2026-02-15T13:32:00",
    "end_time": "2026-02-15T13:34:00",
    "room_id": "living_room",
    "target_object_ids": [
      "game_console_001"
    ],
    "action_type": "interact",
    "description": "启动Switch游戏机，进入游戏界面。"
  },
  {
    "activity_id": "act_007",
    "start_time": "2026-02-15T13:34:00",
    "end_time": "2026-02-15T14:55:00",
    "room_id": "living_room",
    "target_object_ids": [
      "game_console_001"
    ],
    "action_type": "interact",
    "description": "开始玩游戏，体验娱乐时光。"
  },
  {
    "activity_id": "act_007",
    "start_time": "2026-02-15T14:55:00",
    "end_time": "2026-02-15T14:57:00",
    "room_id": "living_room",
    "target_object_ids": [
      "game_console_001"
    ],
    "action_type": "interact",
    "description": "关闭Switch游戏机并整理设备。"
  },
  {
    "activity_id": "act_007",
    "start_time": "2026-02-15T14:57:00",
    "end_time": "2026-02-15T15:00:00",
    "room_id": "living_room",
    "target_object_ids": [
      "tv_stand_001"
    ],
    "action_type": "interact",
    "description": "将Switch游戏机归还至电视柜中。"
  },
  {
    "activity_id": "act_008",
    "start_time": "2026-02-15T15:00:00",
    "end_time": "2026-02-15T15:01:00",
    "room_id": "study_room",
    "target_object_ids": [],
    "action_type": "move",
    "description": "从客厅前往书房，为工作准备。"
  },
  {
    "activity_id": "act_008",
    "start_time": "2026-02-15T15:01:00",
    "end_time": "2026-02-15T15:05:00",
    "room_id": "study_room",
    "target_object_ids": [
      "dual_monitor_001"
    ],
    "action_type": "interact",
    "description": "打开双屏显示器，调整亮度以适应工作需求。"
  },
  {
    "activity_id": "act_008",
    "start_time": "2026-02-15T15:05:00",
    "end_time": "2026-02-15T15:08:00",
    "room_id": "study_room",
    "target_object_ids": [
      "ergonomic_chair_001"
    ],
    "action_type": "interact",
    "description": "坐上人体工学椅，调整高度和倾斜角度提升舒适度。"
  },
  {
    "activity_id": "act_008",
    "start_time": "2026-02-15T15:08:00",
    "end_time": "2026-02-15T16:50:00",
    "room_id": "study_room",
    "target_object_ids": [
      "dual_monitor_001"
    ],
    "action_type": "interact",
    "description": "整理和规划下周的工作任务，记录在电子表格中。"
  },
  {
    "activity_id": "act_008",
    "start_time": "2026-02-15T16:50:00",
    "end_time": "2026-02-15T16:55:00",
    "room_id": "study_room",
    "target_object_ids": [],
    "action_type": "idle",
    "description": "短暂休息，放松眼睛。"
  },
  {
    "activity_id": "act_008",
    "start_time": "2026-02-15T16:55:00",
    "end_time": "2026-02-15T17:00:00",
    "room_id": "study_room",
    "target_object_ids": [
      "dual_monitor_001"
    ],
    "action_type": "interact",
    "description": "关闭双屏显示器，结束工作准备。"
  },
  {
    "activity_id": "act_009",
    "start_time": "2026-02-15T17:00:00",
    "end_time": "2026-02-15T17:01:00",
    "room_id": "bathroom",
    "target_object_ids": [],
    "action_type": "move",
    "description": "进入浴室，准备进行个人护理。"
  },
  {
    "activity_id": "act_009",
    "start_time": "2026-02-15T17:01:00",
    "end_time": "2026-02-15T17:05:00",
    "room_id": "bathroom",
    "target_object_ids": [
      "smart_mirror_001"
    ],
    "action_type": "interact",
    "description": "打开智能镜子，检查当天的天气和日程安排。"
  },
  {
    "activity_id": "act_009",
    "start_time": "2026-02-15T17:05:00",
    "end_time": "2026-02-15T17:10:00",
    "room_id": "bathroom",
    "target_object_ids": [
      "sink_cabinet_001"
    ],
    "action_type": "interact",
    "description": "使用洗手台清洗面部并整理仪容。"
  },
  {
    "activity_id": "act_009",
    "start_time": "2026-02-15T17:10:00",
    "end_time": "2026-02-15T17:11:00",
    "room_id": "bathroom",
    "target_object_ids": [
      "smart_mirror_001"
    ],
    "action_type": "interact",
    "description": "启动智能镜子播放轻音乐，营造舒缓氛围。"
  },
  {
    "activity_id": "act_009",
    "start_time": "2026-02-15T17:11:00",
    "end_time": "2026-02-15T17:25:00",
    "room_id": "bathroom",
    "target_object_ids": [],
    "action_type": "interact",
    "description": "进行沐浴，使用温水舒缓身体并清洁皮肤。"
  },
  {
    "activity_id": "act_009",
    "start_time": "2026-02-15T17:25:00",
    "end_time": "2026-02-15T17:30:00",
    "room_id": "bathroom",
    "target_object_ids": [
      "sink_cabinet_001"
    ],
    "action_type": "interact",
    "description": "整理衣物并穿上清爽的服装。"
  },
  {
    "activity_id": "act_010",
    "start_time": "2026-02-15T17:30:00",
    "end_time": "2026-02-15T17:35:00",
    "room_id": "kitchen",
    "target_object_ids": [
      "kitchen_cabinet_001"
    ],
    "action_type": "interact",
    "description": "从厨房柜中取出食材和必要的工具。"
  },
  {
    "activity_id": "act_010",
    "start_time": "2026-02-15T17:35:00",
    "end_time": "2026-02-15T17:40:00",
    "room_id": "kitchen",
    "target_object_ids": [
      "smart_fridge_001"
    ],
    "action_type": "interact",
    "description": "使用冰箱检查食材库存并取出需要的食材。"
  },
  {
    "activity_id": "act_010",
    "start_time": "2026-02-15T17:40:00",
    "end_time": "2026-02-15T17:50:00",
    "room_id": "kitchen",
    "target_object_ids": [
      "microwave_001"
    ],
    "action_type": "interact",
    "description": "使用微波炉加热食材。"
  },
  {
    "activity_id": "act_010",
    "start_time": "2026-02-15T17:50:00",
    "end_time": "2026-02-15T18:10:00",
    "room_id": "kitchen",
    "target_object_ids": [
      "dining_table_001"
    ],
    "action_type": "interact",
    "description": "在餐桌上布置餐具，并享用准备好的日式料理。"
  },
  {
    "activity_id": "act_010",
    "start_time": "2026-02-15T18:10:00",
    "end_time": "2026-02-15T18:20:00",
    "room_id": "kitchen",
    "target_object_ids": [
      "dishwasher_001"
    ],
    "action_type": "interact",
    "description": "用洗碗机清洗餐具。"
  },
  {
    "activity_id": "act_010",
    "start_time": "2026-02-15T18:20:00",
    "end_time": "2026-02-15T18:30:00",
    "room_id": "kitchen",
    "target_object_ids": [
      "trash_can_001"
    ],
    "action_type": "interact",
    "description": "将垃圾投入垃圾桶。"
  },
  {
    "activity_id": "act_011",
    "start_time": "2026-02-15T18:30:00",
    "end_time": "2026-02-15T18:40:00",
    "room_id": "living_room",
    "target_object_ids": [
      "game_console_001"
    ],
    "action_type": "interact",
    "description": "设置游戏机设备，为桌游活动做准备。"
  },
  {
    "activity_id": "act_011",
    "start_time": "2026-02-15T18:40:00",
    "end_time": "2026-02-15T18:50:00",
    "room_id": "living_room",
    "target_object_ids": [
      "coffee_table_001"
    ],
    "action_type": "interact",
    "description": "摆放桌游物品在咖啡桌上。"
  },
  {
    "activity_id": "act_011",
    "start_time": "2026-02-15T18:50:00",
    "end_time": "2026-02-15T20:50:00",
    "room_id": "living_room",
    "target_object_ids": [
      "sofa_001"
    ],
    "action_type": "interact",
    "description": "与朋友一同坐在沙发上进行桌游活动。"
  },
  {
    "activity_id": "act_011",
    "start_time": "2026-02-15T20:50:00",
    "end_time": "2026-02-15T21:00:00",
    "room_id": "living_room",
    "target_object_ids": [
      "coffee_table_001"
    ],
    "action_type": "interact",
    "description": "收拾桌游物品并整理咖啡桌。"
  },
  {
    "activity_id": "act_012",
    "start_time": "2026-02-15T21:00:00",
    "end_time": "2026-02-15T21:05:00",
    "room_id": "living_room",
    "target_object_ids": [
      "smart_tv_001"
    ],
    "action_type": "interact",
    "description": "打开智能电视并选择播放科技类纪录片。"
  },
  {
    "activity_id": "act_012",
    "start_time": "2026-02-15T21:05:00",
    "end_time": "2026-02-15T22:55:00",
    "room_id": "living_room",
    "target_object_ids": [
      "sofa_001"
    ],
    "action_type": "interact",
    "description": "坐在沙发上，舒适地观看纪录片。"
  },
  {
    "activity_id": "act_012",
    "start_time": "2026-02-15T22:55:00",
    "end_time": "2026-02-15T23:00:00",
    "room_id": "living_room",
    "target_object_ids": [
      "smart_tv_001"
    ],
    "action_type": "interact",
    "description": "关闭智能电视并整理周围环境。"
  },
  {
    "activity_id": "act_013",
    "start_time": "2026-02-15T23:00:00",
    "end_time": "2026-02-15T23:05:00",
    "room_id": "master_bedroom",
    "target_object_ids": [],
    "action_type": "move",
    "description": "前往主卧，为睡前准备。"
  },
  {
    "activity_id": "act_013",
    "start_time": "2026-02-15T23:05:00",
    "end_time": "2026-02-15T23:10:00",
    "room_id": "master_bedroom",
    "target_object_ids": [
      "blackout_curtain_001"
    ],
    "action_type": "interact",
    "description": "关闭遮光窗帘，营造晚间氛围。"
  },
  {
    "activity_id": "act_013",
    "start_time": "2026-02-15T23:10:00",
    "end_time": "2026-02-15T23:15:00",
    "room_id": "master_bedroom",
    "target_object_ids": [
      "smart_lamp_001"
    ],
    "action_type": "interact",
    "description": "调整智能台灯亮度至舒适模式。"
  },
  {
    "activity_id": "act_013",
    "start_time": "2026-02-15T23:15:00",
    "end_time": "2026-02-15T23:20:00",
    "room_id": "master_bedroom",
    "target_object_ids": [
      "air_purifier_001"
    ],
    "action_type": "interact",
    "description": "设置空气净化器至睡眠模式。"
  },
  {
    "activity_id": "act_013",
    "start_time": "2026-02-15T23:20:00",
    "end_time": "2026-02-15T23:25:00",
    "room_id": "master_bedroom",
    "target_object_ids": [
      "bed_001"
    ],
    "action_type": "interact",
    "description": "整理床铺，为舒适睡眠做好准备。"
  },
  {
    "activity_id": "act_013",
    "start_time": "2026-02-15T23:25:00",
    "end_time": "2026-02-15T23:30:00",
    "room_id": "master_bedroom",
    "target_object_ids": [],
    "action_type": "idle",
    "description": "进行短暂的放松，结束睡前准备活动。"
  },
  {
    "activity_id": "act_014",
    "start_time": "2026-02-15T23:30:00",
    "end_time": "2026-02-15T23:32:00",
    "room_id": "master_bedroom",
    "target_object_ids": [
      "smart_lamp_001"
    ],
    "action_type": "interact",
    "description": "关闭智能台灯，为睡眠营造昏暗环境。"
  },
  {
    "activity_id": "act_014",
    "start_time": "2026-02-15T23:32:00",
    "end_time": "2026-02-15T23:34:00",
    "room_id": "master_bedroom",
    "target_object_ids": [
      "blackout_curtain_001"
    ],
    "action_type": "interact",
    "description": "拉上遮光窗帘，确保卧室不受外界光线干扰。"
  },
  {
    "activity_id": "act_014",
    "start_time": "2026-02-15T23:34:00",
    "end_time": "2026-02-15T23:35:00",
    "room_id": "master_bedroom",
    "target_object_ids": [],
    "action_type": "idle",
    "description": "调整姿势，准备舒适入睡。"
  },
  {
    "activity_id": "act_014",
    "start_time": "2026-02-15T23:35:00",
    "end_time": "2026-02-16T07:00:00",
    "room_id": "master_bedroom",
    "target_object_ids": [
      "bed_001"
    ],
    "action_type": "interact",
    "description": "躺在床上，进入深度睡眠，为第二天储备精力。"
  }
]