[
  {
    "activity_id": "act_001",
    "start_time": "2026-02-08T09:00:00",
    "end_time": "2026-02-08T09:05:00",
    "room_id": "master_bedroom",
    "target_object_ids": [
      "bed_001"
    ],
    "action_type": "interact",
    "description": "张辰从床上醒来并起身。"
  },
  {
    "activity_id": "act_001",
    "start_time": "2026-02-08T09:05:00",
    "end_time": "2026-02-08T09:10:00",
    "room_id": "master_bedroom",
    "target_object_ids": [
      "blackout_curtain_001"
    ],
    "action_type": "interact",
    "description": "张辰拉开遮光窗帘，迎接阳光。"
  },
  {
    "activity_id": "act_001",
    "start_time": "2026-02-08T09:10:00",
    "end_time": "2026-02-08T09:20:00",
    "room_id": "master_bedroom",
    "target_object_ids": [
      "bed_001"
    ],
    "action_type": "interact",
    "description": "张辰整理床铺，使其整洁。"
  },
  {
    "activity_id": "act_001",
    "start_time": "2026-02-08T09:20:00",
    "end_time": "2026-02-08T09:30:00",
    "room_id": "master_bedroom",
    "target_object_ids": [],
    "action_type": "idle",
    "description": "张辰进行晨间冥想，调整状态。"
  },
  {
    "activity_id": "act_002",
    "start_time": "2026-02-08T09:30:00",
    "end_time": "2026-02-08T09:35:00",
    "room_id": "kitchen",
    "target_object_ids": [
      "smart_fridge_001"
    ],
    "action_type": "interact",
    "description": "打开智能冰箱并取出所需食材。"
  },
  {
    "activity_id": "act_002",
    "start_time": "2026-02-08T09:35:00",
    "end_time": "2026-02-08T09:45:00",
    "room_id": "kitchen",
    "target_object_ids": [
      "dining_table_001"
    ],
    "action_type": "interact",
    "description": "使用餐桌进行早餐准备。"
  },
  {
    "activity_id": "act_002",
    "start_time": "2026-02-08T09:45:00",
    "end_time": "2026-02-08T10:00:00",
    "room_id": "kitchen",
    "target_object_ids": [
      "dining_table_001"
    ],
    "action_type": "interact",
    "description": "坐在餐桌旁享用早餐。"
  },
  {
    "activity_id": "act_003",
    "start_time": "2026-02-08T10:00:00",
    "end_time": "2026-02-08T10:02:00",
    "room_id": "living_room",
    "target_object_ids": [],
    "action_type": "move",
    "description": "走向客厅，为早晨阅读活动做准备。"
  },
  {
    "activity_id": "act_003",
    "start_time": "2026-02-08T10:02:00",
    "end_time": "2026-02-08T10:05:00",
    "room_id": "living_room",
    "target_object_ids": [
      "sofa_001"
    ],
    "action_type": "interact",
    "description": "坐在沙发上，为阅读活动提供舒适环境。"
  },
  {
    "activity_id": "act_003",
    "start_time": "2026-02-08T10:05:00",
    "end_time": "2026-02-08T11:20:00",
    "room_id": "living_room",
    "target_object_ids": [
      "smart_tv_001"
    ],
    "action_type": "interact",
    "description": "使用智能电视浏览科技新闻，获取最新信息。"
  },
  {
    "activity_id": "act_003",
    "start_time": "2026-02-08T11:20:00",
    "end_time": "2026-02-08T11:25:00",
    "room_id": "living_room",
    "target_object_ids": [
      "coffee_table_001"
    ],
    "action_type": "interact",
    "description": "享用咖啡，提升精神状态。"
  },
  {
    "activity_id": "act_003",
    "start_time": "2026-02-08T11:25:00",
    "end_time": "2026-02-08T11:30:00",
    "room_id": "living_room",
    "target_object_ids": [
      "sofa_001"
    ],
    "action_type": "idle",
    "description": "在沙发上静坐，反思阅读内容。"
  },
  {
    "activity_id": "act_004",
    "start_time": "2026-02-08T11:30:00",
    "end_time": "2026-02-08T11:45:00",
    "room_id": "master_bedroom",
    "target_object_ids": [
      "bed_001"
    ],
    "action_type": "interact",
    "description": "张辰平躺在床上，闭目稍作休息。"
  },
  {
    "activity_id": "act_004",
    "start_time": "2026-02-08T11:45:00",
    "end_time": "2026-02-08T12:00:00",
    "room_id": "master_bedroom",
    "target_object_ids": [
      "wardrobe_001"
    ],
    "action_type": "interact",
    "description": "张辰整理了衣柜中的衣物，将其分类归位。"
  },
  {
    "activity_id": "act_004",
    "start_time": "2026-02-08T12:00:00",
    "end_time": "2026-02-08T12:30:00",
    "room_id": "master_bedroom",
    "target_object_ids": [
      "laundry_rack_001"
    ],
    "action_type": "interact",
    "description": "张辰在晾衣架旁完成了一组轻度拉伸动作，舒缓身体。"
  },
  {
    "activity_id": "act_005",
    "start_time": "2026-02-08T12:30:00",
    "end_time": "2026-02-08T12:35:00",
    "room_id": "kitchen",
    "target_object_ids": [
      "smart_fridge_001"
    ],
    "action_type": "interact",
    "description": "张辰打开智能冰箱，取出需要的食材准备午餐。"
  },
  {
    "activity_id": "act_005",
    "start_time": "2026-02-08T12:35:00",
    "end_time": "2026-02-08T12:45:00",
    "room_id": "kitchen",
    "target_object_ids": [
      "microwave_001"
    ],
    "action_type": "interact",
    "description": "张辰使用微波炉加热食材，为午餐做准备。"
  },
  {
    "activity_id": "act_005",
    "start_time": "2026-02-08T12:45:00",
    "end_time": "2026-02-08T13:00:00",
    "room_id": "kitchen",
    "target_object_ids": [
      "dining_table_001"
    ],
    "action_type": "interact",
    "description": "张辰将午餐摆放在餐桌上并享用美食。"
  },
  {
    "activity_id": "act_005",
    "start_time": "2026-02-08T13:00:00",
    "end_time": "2026-02-08T13:30:00",
    "room_id": "kitchen",
    "target_object_ids": [
      "trash_can_001"
    ],
    "action_type": "interact",
    "description": "张辰清理午餐后的垃圾，将其放入垃圾桶中。"
  },
  {
    "activity_id": "act_006",
    "start_time": "2026-02-08T13:30:00",
    "end_time": "2026-02-08T13:35:00",
    "room_id": "study_room",
    "target_object_ids": [
      "dual_monitor_001"
    ],
    "action_type": "interact",
    "description": "张辰打开双屏显示器，准备开始工作任务。"
  },
  {
    "activity_id": "act_006",
    "start_time": "2026-02-08T13:35:00",
    "end_time": "2026-02-08T13:45:00",
    "room_id": "study_room",
    "target_object_ids": [
      "desk_001"
    ],
    "action_type": "interact",
    "description": "张辰整理书桌上的文件，为工作环境做好准备。"
  },
  {
    "activity_id": "act_006",
    "start_time": "2026-02-08T13:45:00",
    "end_time": "2026-02-08T15:25:00",
    "room_id": "study_room",
    "target_object_ids": [
      "dual_monitor_001"
    ],
    "action_type": "interact",
    "description": "张辰开始编辑重要文档，专注于工作内容。"
  },
  {
    "activity_id": "act_006",
    "start_time": "2026-02-08T15:25:00",
    "end_time": "2026-02-08T15:30:00",
    "room_id": "study_room",
    "target_object_ids": [
      "dual_monitor_001"
    ],
    "action_type": "interact",
    "description": "张辰关闭双屏显示器，结束工作任务。"
  },
  {
    "activity_id": "act_007",
    "start_time": "2026-02-08T15:30:00",
    "end_time": "2026-02-08T15:35:00",
    "room_id": "living_room",
    "target_object_ids": [
      "sofa_001"
    ],
    "action_type": "move",
    "description": "张辰从书房移动到客厅沙发处，为观看纪录片做准备。"
  },
  {
    "activity_id": "act_007",
    "start_time": "2026-02-08T15:35:00",
    "end_time": "2026-02-08T15:40:00",
    "room_id": "living_room",
    "target_object_ids": [
      "smart_tv_001"
    ],
    "action_type": "interact",
    "description": "张辰打开智能电视，选择播放科技纪录片。"
  },
  {
    "activity_id": "act_007",
    "start_time": "2026-02-08T15:40:00",
    "end_time": "2026-02-08T17:25:00",
    "room_id": "living_room",
    "target_object_ids": [
      "sofa_001",
      "smart_tv_001"
    ],
    "action_type": "interact",
    "description": "张辰坐在沙发上，观看播放的科技纪录片。"
  },
  {
    "activity_id": "act_007",
    "start_time": "2026-02-08T17:25:00",
    "end_time": "2026-02-08T17:30:00",
    "room_id": "living_room",
    "target_object_ids": [
      "smart_tv_001"
    ],
    "action_type": "interact",
    "description": "张辰关闭智能电视，结束观看纪录片。"
  },
  {
    "activity_id": "act_008",
    "start_time": "2026-02-08T17:30:00",
    "end_time": "2026-02-08T17:35:00",
    "room_id": "master_bedroom",
    "target_object_ids": [],
    "action_type": "move",
    "description": "张辰从客厅前往主卧，准备休息。"
  },
  {
    "activity_id": "act_008",
    "start_time": "2026-02-08T17:35:00",
    "end_time": "2026-02-08T17:50:00",
    "room_id": "master_bedroom",
    "target_object_ids": [
      "bed_001"
    ],
    "action_type": "interact",
    "description": "张辰调整床铺并舒适地躺下。"
  },
  {
    "activity_id": "act_008",
    "start_time": "2026-02-08T17:50:00",
    "end_time": "2026-02-08T18:50:00",
    "room_id": "master_bedroom",
    "target_object_ids": [],
    "action_type": "idle",
    "description": "张辰静静地放松，调整状态。"
  },
  {
    "activity_id": "act_008",
    "start_time": "2026-02-08T18:50:00",
    "end_time": "2026-02-08T19:00:00",
    "room_id": "master_bedroom",
    "target_object_ids": [
      "bed_001"
    ],
    "action_type": "interact",
    "description": "张辰起身并整理床铺。"
  },
  {
    "activity_id": "act_009",
    "start_time": "2026-02-08T19:00:00",
    "end_time": "2026-02-08T19:01:00",
    "room_id": "kitchen",
    "target_object_ids": [],
    "action_type": "move",
    "description": "张辰从卧室移动到厨房准备晚餐。"
  },
  {
    "activity_id": "act_009",
    "start_time": "2026-02-08T19:01:00",
    "end_time": "2026-02-08T19:05:00",
    "room_id": "kitchen",
    "target_object_ids": [
      "kitchen_cabinet_001"
    ],
    "action_type": "interact",
    "description": "张辰打开厨房柜取出烹饪所需的食材和用具。"
  },
  {
    "activity_id": "act_009",
    "start_time": "2026-02-08T19:05:00",
    "end_time": "2026-02-08T19:08:00",
    "room_id": "kitchen",
    "target_object_ids": [
      "smart_fridge_001"
    ],
    "action_type": "interact",
    "description": "张辰使用智能冰箱确认库存并取出冷藏食材。"
  },
  {
    "activity_id": "act_009",
    "start_time": "2026-02-08T19:08:00",
    "end_time": "2026-02-08T19:20:00",
    "room_id": "kitchen",
    "target_object_ids": [
      "microwave_001"
    ],
    "action_type": "interact",
    "description": "张辰开始烹饪晚餐，准备健康低糖的日式料理。"
  },
  {
    "activity_id": "act_009",
    "start_time": "2026-02-08T19:20:00",
    "end_time": "2026-02-08T19:30:00",
    "room_id": "kitchen",
    "target_object_ids": [
      "dining_table_001"
    ],
    "action_type": "interact",
    "description": "张辰将晚餐摆放在餐桌上并开始享用。"
  },
  {
    "activity_id": "act_010",
    "start_time": "2026-02-08T19:30:00",
    "end_time": "2026-02-08T19:35:00",
    "room_id": "living_room",
    "target_object_ids": [
      "sofa_001"
    ],
    "action_type": "interact",
    "description": "张辰从客厅的沙发起身，准备进行娱乐活动。"
  },
  {
    "activity_id": "act_010",
    "start_time": "2026-02-08T19:35:00",
    "end_time": "2026-02-08T20:05:00",
    "room_id": "living_room",
    "target_object_ids": [
      "smart_tv_001"
    ],
    "action_type": "interact",
    "description": "张辰启动智能电视并观看一部科技类纪录片，享受放松时光。"
  },
  {
    "activity_id": "act_010",
    "start_time": "2026-02-08T20:05:00",
    "end_time": "2026-02-08T20:50:00",
    "room_id": "living_room",
    "target_object_ids": [
      "game_console_001"
    ],
    "action_type": "interact",
    "description": "张辰启动游戏机并开始玩一款策略类游戏，沉浸于游戏世界。"
  },
  {
    "activity_id": "act_010",
    "start_time": "2026-02-08T20:50:00",
    "end_time": "2026-02-08T21:00:00",
    "room_id": "living_room",
    "target_object_ids": [
      "coffee_table_001"
    ],
    "action_type": "interact",
    "description": "张辰整理客厅的咖啡桌并完成娱乐活动，放松身心。"
  },
  {
    "activity_id": "act_011",
    "start_time": "2026-02-08T21:00:00",
    "end_time": "2026-02-08T21:05:00",
    "room_id": "master_bedroom",
    "target_object_ids": [
      "bed_001"
    ],
    "action_type": "interact",
    "description": "张辰坐到床上，调整姿势。"
  },
  {
    "activity_id": "act_011",
    "start_time": "2026-02-08T21:05:00",
    "end_time": "2026-02-08T21:50:00",
    "room_id": "master_bedroom",
    "target_object_ids": [
      "smart_lamp_001"
    ],
    "action_type": "interact",
    "description": "张辰打开智能台灯，调整亮度以适合阅读。"
  },
  {
    "activity_id": "act_011",
    "start_time": "2026-02-08T21:50:00",
    "end_time": "2026-02-08T22:55:00",
    "room_id": "master_bedroom",
    "target_object_ids": [
      "bed_001"
    ],
    "action_type": "interact",
    "description": "张辰躺在床上，阅读个人成长类书籍，感悟深刻。"
  },
  {
    "activity_id": "act_011",
    "start_time": "2026-02-08T22:55:00",
    "end_time": "2026-02-08T23:00:00",
    "room_id": "master_bedroom",
    "target_object_ids": [
      "smart_lamp_001"
    ],
    "action_type": "interact",
    "description": "张辰关闭智能台灯，准备结束阅读。"
  },
  {
    "activity_id": "act_012",
    "start_time": "2026-02-08T23:00:00",
    "end_time": "2026-02-08T23:01:00",
    "room_id": "master_bedroom",
    "target_object_ids": [
      "smart_lamp_001"
    ],
    "action_type": "interact",
    "description": "张辰关闭智能灯，营造睡眠氛围。"
  },
  {
    "activity_id": "act_012",
    "start_time": "2026-02-08T23:01:00",
    "end_time": "2026-02-08T23:03:00",
    "room_id": "master_bedroom",
    "target_object_ids": [
      "air_purifier_001"
    ],
    "action_type": "interact",
    "description": "张辰调整空气净化器模式，优化室内空气质量。"
  },
  {
    "activity_id": "act_012",
    "start_time": "2026-02-08T23:03:00",
    "end_time": "2026-02-09T07:00:00",
    "room_id": "master_bedroom",
    "target_object_ids": [
      "bed_001"
    ],
    "action_type": "interact",
    "description": "张辰躺在床上，逐渐进入睡眠状态。"
  }
]