[
  {
    "activity_id": "act_001",
    "start_time": "2026-02-10T07:00:00",
    "end_time": "2026-02-10T07:01:00",
    "room_id": "master_bedroom",
    "target_object_ids": [
      "blackout_curtain_001"
    ],
    "action_type": "interact",
    "description": "张辰拉开窗帘，迎接新的一天。"
  },
  {
    "activity_id": "act_001",
    "start_time": "2026-02-10T07:01:00",
    "end_time": "2026-02-10T07:05:00",
    "room_id": "master_bedroom",
    "target_object_ids": [
      "bed_001"
    ],
    "action_type": "interact",
    "description": "张辰从床上起身并整理床铺。"
  },
  {
    "activity_id": "act_001",
    "start_time": "2026-02-10T07:05:00",
    "end_time": "2026-02-10T07:06:00",
    "room_id": "master_bedroom",
    "target_object_ids": [],
    "action_type": "move",
    "description": "张辰前往浴室准备洗漱。"
  },
  {
    "activity_id": "act_001",
    "start_time": "2026-02-10T07:06:00",
    "end_time": "2026-02-10T07:15:00",
    "room_id": "bathroom",
    "target_object_ids": [
      "sink_cabinet_001"
    ],
    "action_type": "interact",
    "description": "张辰在洗手台进行洗漱。"
  },
  {
    "activity_id": "act_001",
    "start_time": "2026-02-10T07:15:00",
    "end_time": "2026-02-10T07:16:00",
    "room_id": "bathroom",
    "target_object_ids": [],
    "action_type": "move",
    "description": "张辰返回主卧准备更换衣物。"
  },
  {
    "activity_id": "act_001",
    "start_time": "2026-02-10T07:16:00",
    "end_time": "2026-02-10T07:20:00",
    "room_id": "master_bedroom",
    "target_object_ids": [
      "wardrobe_001"
    ],
    "action_type": "interact",
    "description": "张辰打开衣柜挑选并更换衣物。"
  },
  {
    "activity_id": "act_001",
    "start_time": "2026-02-10T07:20:00",
    "end_time": "2026-02-10T07:30:00",
    "room_id": "master_bedroom",
    "target_object_ids": [
      "air_purifier_001"
    ],
    "action_type": "interact",
    "description": "张辰启动空气净化器，保持室内空气清新。"
  },
  {
    "activity_id": "act_002",
    "start_time": "2026-02-10T07:30:00",
    "end_time": "2026-02-10T07:35:00",
    "room_id": "kitchen",
    "target_object_ids": [
      "smart_fridge_001"
    ],
    "action_type": "interact",
    "description": "张辰打开智能冰箱，检查冰箱内是否有需要的食材。"
  },
  {
    "activity_id": "act_002",
    "start_time": "2026-02-10T07:35:00",
    "end_time": "2026-02-10T07:40:00",
    "room_id": "kitchen",
    "target_object_ids": [
      "kitchen_cabinet_001",
      "dining_table_001"
    ],
    "action_type": "interact",
    "description": "张辰从厨房柜中取出必要的餐具并放置在餐桌上。"
  },
  {
    "activity_id": "act_002",
    "start_time": "2026-02-10T07:40:00",
    "end_time": "2026-02-10T07:50:00",
    "room_id": "kitchen",
    "target_object_ids": [
      "microwave_001"
    ],
    "action_type": "interact",
    "description": "张辰使用微波炉加热早餐食材并摆盘。"
  },
  {
    "activity_id": "act_002",
    "start_time": "2026-02-10T07:50:00",
    "end_time": "2026-02-10T08:00:00",
    "room_id": "kitchen",
    "target_object_ids": [
      "dining_table_001"
    ],
    "action_type": "interact",
    "description": "张辰在餐桌旁享用健康的低糖日式早餐。"
  },
  {
    "activity_id": "act_003",
    "start_time": "2026-02-10T08:00:00",
    "end_time": "2026-02-10T08:30:00",
    "room_id": "Outside",
    "target_object_ids": [],
    "action_type": "outside",
    "description": "张辰从家前往公司，准备开始一天的工作任务。"
  },
  {
    "activity_id": "act_004",
    "start_time": "2026-02-10T08:30:00",
    "end_time": "2026-02-10T12:00:00",
    "room_id": "Outside",
    "target_object_ids": [],
    "action_type": "outside",
    "description": "从事品牌营销相关的工作任务，包括参与会议和项目讨论。"
  },
  {
    "activity_id": "act_005",
    "start_time": "2026-02-10T12:00:00",
    "end_time": "2026-02-10T13:00:00",
    "room_id": "Outside",
    "target_object_ids": [],
    "action_type": "outside",
    "description": "与同事外出享用午餐。"
  },
  {
    "activity_id": "act_006",
    "start_time": "2026-02-10T13:00:00",
    "end_time": "2026-02-10T13:05:00",
    "room_id": "study_room",
    "target_object_ids": [],
    "action_type": "move",
    "description": "移至书房开始下午工作。"
  },
  {
    "activity_id": "act_006",
    "start_time": "2026-02-10T13:05:00",
    "end_time": "2026-02-10T13:20:00",
    "room_id": "study_room",
    "target_object_ids": [
      "laptop",
      "desk"
    ],
    "action_type": "interact",
    "description": "打开电脑并准备工作资料。"
  },
  {
    "activity_id": "act_006",
    "start_time": "2026-02-10T13:20:00",
    "end_time": "2026-02-10T16:30:00",
    "room_id": "study_room",
    "target_object_ids": [
      "laptop"
    ],
    "action_type": "interact",
    "description": "专注于任务并完成相关文件。"
  },
  {
    "activity_id": "act_006",
    "start_time": "2026-02-10T16:30:00",
    "end_time": "2026-02-10T16:45:00",
    "room_id": "study_room",
    "target_object_ids": [],
    "action_type": "idle",
    "description": "休息并伸展以放松身心。"
  },
  {
    "activity_id": "act_006",
    "start_time": "2026-02-10T16:45:00",
    "end_time": "2026-02-10T17:20:00",
    "room_id": "study_room",
    "target_object_ids": [
      "laptop"
    ],
    "action_type": "interact",
    "description": "完成最后的任务并保存进度。"
  },
  {
    "activity_id": "act_006",
    "start_time": "2026-02-10T17:20:00",
    "end_time": "2026-02-10T17:30:00",
    "room_id": "hallway",
    "target_object_ids": [],
    "action_type": "move",
    "description": "结束工作并离开书房。"
  },
  {
    "activity_id": "act_007",
    "start_time": "2026-02-10T17:30:00",
    "end_time": "2026-02-10T18:00:00",
    "room_id": "Outside",
    "target_object_ids": [],
    "action_type": "outside",
    "description": "从工作场所返回家中。"
  },
  {
    "activity_id": "act_008",
    "start_time": "2026-02-10T18:00:00",
    "end_time": "2026-02-10T18:01:00",
    "room_id": "living_room",
    "target_object_ids": [],
    "action_type": "move",
    "description": "进入客厅，为观看纪录片做准备。"
  },
  {
    "activity_id": "act_008",
    "start_time": "2026-02-10T18:01:00",
    "end_time": "2026-02-10T18:02:00",
    "room_id": "living_room",
    "target_object_ids": [
      "smart_tv_001"
    ],
    "action_type": "interact",
    "description": "打开智能电视，准备播放纪录片。"
  },
  {
    "activity_id": "act_008",
    "start_time": "2026-02-10T18:02:00",
    "end_time": "2026-02-10T18:57:00",
    "room_id": "living_room",
    "target_object_ids": [
      "sofa_001"
    ],
    "action_type": "interact",
    "description": "坐在沙发上，开始观看纪录片，同时放松身心。"
  },
  {
    "activity_id": "act_008",
    "start_time": "2026-02-10T18:57:00",
    "end_time": "2026-02-10T18:58:00",
    "room_id": "living_room",
    "target_object_ids": [
      "smart_tv_001"
    ],
    "action_type": "interact",
    "description": "关闭智能电视，活动结束，准备离开。"
  },
  {
    "activity_id": "act_008",
    "start_time": "2026-02-10T18:58:00",
    "end_time": "2026-02-10T19:00:00",
    "room_id": "living_room",
    "target_object_ids": [],
    "action_type": "idle",
    "description": "稍作整理，回顾刚才的纪录片内容。"
  },
  {
    "activity_id": "act_009",
    "start_time": "2026-02-10T19:00:00",
    "end_time": "2026-02-10T19:01:00",
    "room_id": "kitchen",
    "target_object_ids": [],
    "action_type": "move",
    "description": "从厨房入口移动到餐桌旁，开始晚餐准备工作。"
  },
  {
    "activity_id": "act_009",
    "start_time": "2026-02-10T19:01:00",
    "end_time": "2026-02-10T19:05:00",
    "room_id": "kitchen",
    "target_object_ids": [
      "smart_fridge_001"
    ],
    "action_type": "interact",
    "description": "打开智能冰箱，取出晚餐食材。"
  },
  {
    "activity_id": "act_009",
    "start_time": "2026-02-10T19:05:00",
    "end_time": "2026-02-10T19:15:00",
    "room_id": "kitchen",
    "target_object_ids": [
      "dining_table_001"
    ],
    "action_type": "interact",
    "description": "将食材摆放在餐桌上，开始准备晚餐。"
  },
  {
    "activity_id": "act_009",
    "start_time": "2026-02-10T19:15:00",
    "end_time": "2026-02-10T19:29:00",
    "room_id": "kitchen",
    "target_object_ids": [
      "dining_table_001"
    ],
    "action_type": "interact",
    "description": "享用晚餐，感受美味带来的愉悦。"
  },
  {
    "activity_id": "act_009",
    "start_time": "2026-02-10T19:29:00",
    "end_time": "2026-02-10T19:30:00",
    "room_id": "kitchen",
    "target_object_ids": [
      "trash_can_001"
    ],
    "action_type": "interact",
    "description": "将餐余垃圾投入垃圾桶，完成清理。"
  },
  {
    "activity_id": "act_010",
    "start_time": "2026-02-10T19:30:00",
    "end_time": "2026-02-10T19:35:00",
    "room_id": "living_room",
    "target_object_ids": [
      "smart_tv_001",
      "sound_system_001"
    ],
    "action_type": "interact",
    "description": "Prepare for indoor exercise in the living room."
  },
  {
    "activity_id": "act_010",
    "start_time": "2026-02-10T19:35:00",
    "end_time": "2026-02-10T20:25:00",
    "room_id": "living_room",
    "target_object_ids": [
      "smart_tv_001",
      "sound_system_001"
    ],
    "action_type": "interact",
    "description": "Perform indoor cycling exercise with entertainment."
  },
  {
    "activity_id": "act_010",
    "start_time": "2026-02-10T20:25:00",
    "end_time": "2026-02-10T20:30:00",
    "room_id": "living_room",
    "target_object_ids": [
      "robot_vacuum_001"
    ],
    "action_type": "interact",
    "description": "Conclude exercise and clean up."
  },
  {
    "activity_id": "act_011",
    "start_time": "2026-02-10T20:30:00",
    "end_time": "2026-02-10T20:35:00",
    "room_id": "study_room",
    "target_object_ids": [],
    "action_type": "move",
    "description": "Move from the living room to the study room to start the activity."
  },
  {
    "activity_id": "act_011",
    "start_time": "2026-02-10T20:35:00",
    "end_time": "2026-02-10T20:37:00",
    "room_id": "study_room",
    "target_object_ids": [
      "desk_001"
    ],
    "action_type": "interact",
    "description": "Turn on the desk lamp to ensure proper lighting."
  },
  {
    "activity_id": "act_011",
    "start_time": "2026-02-10T20:37:00",
    "end_time": "2026-02-10T21:30:00",
    "room_id": "study_room",
    "target_object_ids": [
      "ergonomic_chair_001",
      "desk_001",
      "bookshelf_002"
    ],
    "action_type": "interact",
    "description": "Sit on the ergonomic chair and start reading a book placed on the desk."
  },
  {
    "activity_id": "act_011",
    "start_time": "2026-02-10T21:30:00",
    "end_time": "2026-02-10T21:40:00",
    "room_id": "study_room",
    "target_object_ids": [],
    "action_type": "idle",
    "description": "Pause for a moment to reflect on the concepts read."
  },
  {
    "activity_id": "act_011",
    "start_time": "2026-02-10T21:40:00",
    "end_time": "2026-02-10T22:25:00",
    "room_id": "study_room",
    "target_object_ids": [
      "desk_001"
    ],
    "action_type": "interact",
    "description": "Note down insights on the desk using a notebook."
  },
  {
    "activity_id": "act_011",
    "start_time": "2026-02-10T22:25:00",
    "end_time": "2026-02-10T22:30:00",
    "room_id": "study_room",
    "target_object_ids": [
      "desk_001"
    ],
    "action_type": "interact",
    "description": "Turn off the desk lamp after finishing the activity."
  },
  {
    "activity_id": "act_012",
    "start_time": "2026-02-10T22:30:00",
    "end_time": "2026-02-10T22:35:00",
    "room_id": "bathroom",
    "target_object_ids": [
      "sink_cabinet_001"
    ],
    "action_type": "interact",
    "description": "在洗手台进行洗漱整理。"
  },
  {
    "activity_id": "act_012",
    "start_time": "2026-02-10T22:35:00",
    "end_time": "2026-02-10T22:40:00",
    "room_id": "bathroom",
    "target_object_ids": [
      "smart_mirror_001"
    ],
    "action_type": "interact",
    "description": "检查智能镜子中的日程安排。"
  },
  {
    "activity_id": "act_012",
    "start_time": "2026-02-10T22:40:00",
    "end_time": "2026-02-10T22:41:00",
    "room_id": "bathroom",
    "target_object_ids": [],
    "action_type": "move",
    "description": "从浴室移动到主卧室。"
  },
  {
    "activity_id": "act_012",
    "start_time": "2026-02-10T22:41:00",
    "end_time": "2026-02-10T22:45:00",
    "room_id": "master_bedroom",
    "target_object_ids": [
      "air_purifier_001"
    ],
    "action_type": "interact",
    "description": "开启空气净化器以准备睡眠环境。"
  },
  {
    "activity_id": "act_012",
    "start_time": "2026-02-10T22:45:00",
    "end_time": "2026-02-10T22:50:00",
    "room_id": "master_bedroom",
    "target_object_ids": [
      "bed_001"
    ],
    "action_type": "interact",
    "description": "躺在床上进行冥想练习。"
  },
  {
    "activity_id": "act_012",
    "start_time": "2026-02-10T22:50:00",
    "end_time": "2026-02-10T23:00:00",
    "room_id": "master_bedroom",
    "target_object_ids": [
      "smart_lamp_001"
    ],
    "action_type": "interact",
    "description": "调整智能台灯光线以准备入睡。"
  },
  {
    "activity_id": "act_013",
    "start_time": "2026-02-10T23:00:00",
    "end_time": "2026-02-10T23:02:00",
    "room_id": "master_bedroom",
    "target_object_ids": [
      "air_purifier_001"
    ],
    "action_type": "interact",
    "description": "开启空气净化器以保持环境空气清新。"
  },
  {
    "activity_id": "act_013",
    "start_time": "2026-02-10T23:02:00",
    "end_time": "2026-02-11T07:00:00",
    "room_id": "master_bedroom",
    "target_object_ids": [
      "bed_001"
    ],
    "action_type": "interact",
    "description": "躺在床上准备进入睡眠状态。"
  }
]