[
  {
    "activity_id": "act_001",
    "start_time": "2026-02-18T07:00:00",
    "end_time": "2026-02-18T07:05:00",
    "room_id": "master_bedroom",
    "target_object_ids": [
      "bed_001"
    ],
    "action_type": "interact",
    "description": "用户从床上起身。"
  },
  {
    "activity_id": "act_001",
    "start_time": "2026-02-18T07:05:00",
    "end_time": "2026-02-18T07:08:00",
    "room_id": "master_bedroom",
    "target_object_ids": [
      "blackout_curtain_001"
    ],
    "action_type": "interact",
    "description": "用户拉开遮光窗帘。"
  },
  {
    "activity_id": "act_001",
    "start_time": "2026-02-18T07:08:00",
    "end_time": "2026-02-18T07:12:00",
    "room_id": "master_bedroom",
    "target_object_ids": [
      "bed_001"
    ],
    "action_type": "interact",
    "description": "用户整理床铺。"
  },
  {
    "activity_id": "act_001",
    "start_time": "2026-02-18T07:12:00",
    "end_time": "2026-02-18T07:15:00",
    "room_id": "master_bedroom",
    "target_object_ids": [],
    "action_type": "move",
    "description": "用户从卧室前往浴室。"
  },
  {
    "activity_id": "act_001",
    "start_time": "2026-02-18T07:15:00",
    "end_time": "2026-02-18T07:25:00",
    "room_id": "bathroom",
    "target_object_ids": [
      "sink_cabinet_001"
    ],
    "action_type": "interact",
    "description": "用户开始在洗手台柜进行洗漱。"
  },
  {
    "activity_id": "act_001",
    "start_time": "2026-02-18T07:25:00",
    "end_time": "2026-02-18T07:30:00",
    "room_id": "bathroom",
    "target_object_ids": [],
    "action_type": "idle",
    "description": "用户完成晨间准备后稍作休息。"
  },
  {
    "activity_id": "act_002",
    "start_time": "2026-02-18T07:30:00",
    "end_time": "2026-02-18T07:35:00",
    "room_id": "kitchen",
    "target_object_ids": [
      "smart_fridge_001"
    ],
    "action_type": "interact",
    "description": "从智能冰箱中取出早餐食材并关闭门。"
  },
  {
    "activity_id": "act_002",
    "start_time": "2026-02-18T07:35:00",
    "end_time": "2026-02-18T07:40:00",
    "room_id": "kitchen",
    "target_object_ids": [
      "microwave_001"
    ],
    "action_type": "interact",
    "description": "将食材放入微波炉进行加热。"
  },
  {
    "activity_id": "act_002",
    "start_time": "2026-02-18T07:40:00",
    "end_time": "2026-02-18T07:45:00",
    "room_id": "kitchen",
    "target_object_ids": [
      "dining_table_001"
    ],
    "action_type": "interact",
    "description": "将加热好的早餐摆放在餐桌上准备进餐。"
  },
  {
    "activity_id": "act_002",
    "start_time": "2026-02-18T07:45:00",
    "end_time": "2026-02-18T08:00:00",
    "room_id": "kitchen",
    "target_object_ids": [
      "dining_table_001"
    ],
    "action_type": "interact",
    "description": "在餐桌享用早餐。"
  },
  {
    "activity_id": "act_003",
    "start_time": "2026-02-18T08:00:00",
    "end_time": "2026-02-18T12:30:00",
    "room_id": "Outside",
    "target_object_ids": [],
    "action_type": "outside",
    "description": "从家中出发前往公司，准备开始一天的工作。"
  },
  {
    "activity_id": "act_004",
    "start_time": "2026-02-18T12:30:00",
    "end_time": "2026-02-18T12:40:00",
    "room_id": "Outside",
    "target_object_ids": [],
    "action_type": "outside",
    "description": "离开办公区域，步行至附近餐厅。"
  },
  {
    "activity_id": "act_004",
    "start_time": "2026-02-18T12:40:00",
    "end_time": "2026-02-18T12:50:00",
    "room_id": "Outside",
    "target_object_ids": [],
    "action_type": "outside",
    "description": "在餐厅入座，点选健康饮食菜品。"
  },
  {
    "activity_id": "act_004",
    "start_time": "2026-02-18T12:50:00",
    "end_time": "2026-02-18T13:20:00",
    "room_id": "Outside",
    "target_object_ids": [],
    "action_type": "outside",
    "description": "享用午餐，与同事交流。"
  },
  {
    "activity_id": "act_004",
    "start_time": "2026-02-18T13:20:00",
    "end_time": "2026-02-18T13:30:00",
    "room_id": "Outside",
    "target_object_ids": [],
    "action_type": "outside",
    "description": "午餐结束，返回办公区域。"
  },
  {
    "activity_id": "act_005",
    "start_time": "2026-02-18T13:30:00",
    "end_time": "2026-02-18T15:30:00",
    "room_id": "Outside",
    "target_object_ids": [],
    "action_type": "outside",
    "description": "返回工作场所，展开品牌营销相关任务。"
  },
  {
    "activity_id": "act_005",
    "start_time": "2026-02-18T15:30:00",
    "end_time": "2026-02-18T15:40:00",
    "room_id": "Outside",
    "target_object_ids": [],
    "action_type": "outside",
    "description": "与团队进行协作，完成任务规划与执行。"
  },
  {
    "activity_id": "act_005",
    "start_time": "2026-02-18T15:40:00",
    "end_time": "2026-02-18T15:50:00",
    "room_id": "Outside",
    "target_object_ids": [],
    "action_type": "outside",
    "description": "短暂休息，调整状态。"
  },
  {
    "activity_id": "act_005",
    "start_time": "2026-02-18T15:50:00",
    "end_time": "2026-02-18T17:30:00",
    "room_id": "Outside",
    "target_object_ids": [],
    "action_type": "outside",
    "description": "完成剩余任务，并总结工作成果。"
  },
  {
    "activity_id": "act_006",
    "start_time": "2026-02-18T17:30:00",
    "end_time": "2026-02-18T18:30:00",
    "room_id": "Outside",
    "target_object_ids": [],
    "action_type": "outside",
    "description": "通勤回家，从工作地点返回家中。"
  },
  {
    "activity_id": "act_007",
    "start_time": "2026-02-18T18:30:00",
    "end_time": "2026-02-18T20:00:00",
    "room_id": "Outside",
    "target_object_ids": [],
    "action_type": "outside",
    "description": "前往健身房进行力量训练。"
  },
  {
    "activity_id": "act_008",
    "start_time": "2026-02-18T20:00:00",
    "end_time": "2026-02-18T20:05:00",
    "room_id": "kitchen",
    "target_object_ids": [],
    "action_type": "move",
    "description": "从外部进入厨房准备晚餐。"
  },
  {
    "activity_id": "act_008",
    "start_time": "2026-02-18T20:05:00",
    "end_time": "2026-02-18T20:35:00",
    "room_id": "kitchen",
    "target_object_ids": [
      "kitchen_utensils"
    ],
    "action_type": "interact",
    "description": "使用厨具准备低糖日式料理。"
  },
  {
    "activity_id": "act_008",
    "start_time": "2026-02-18T20:35:00",
    "end_time": "2026-02-18T20:40:00",
    "room_id": "dining_room",
    "target_object_ids": [],
    "action_type": "move",
    "description": "从厨房移动到餐厅开始用餐。"
  },
  {
    "activity_id": "act_008",
    "start_time": "2026-02-18T20:40:00",
    "end_time": "2026-02-18T21:00:00",
    "room_id": "dining_room",
    "target_object_ids": [
      "dining_table",
      "meal_set"
    ],
    "action_type": "interact",
    "description": "享用低糖日式料理，补充营养。"
  },
  {
    "activity_id": "act_009",
    "start_time": "2026-02-18T21:00:00",
    "end_time": "2026-02-18T21:05:00",
    "room_id": "living_room",
    "target_object_ids": [
      "smart_tv_001"
    ],
    "action_type": "interact",
    "description": "打开智能电视并选择纪录片进行播放。"
  },
  {
    "activity_id": "act_009",
    "start_time": "2026-02-18T21:05:00",
    "end_time": "2026-02-18T21:30:00",
    "room_id": "living_room",
    "target_object_ids": [
      "sofa_001"
    ],
    "action_type": "interact",
    "description": "坐在沙发上观看纪录片，轻松享受时光。"
  },
  {
    "activity_id": "act_009",
    "start_time": "2026-02-18T21:30:00",
    "end_time": "2026-02-18T22:30:00",
    "room_id": "living_room",
    "target_object_ids": [
      "sound_system_001"
    ],
    "action_type": "interact",
    "description": "使用音响系统播放背景音乐，营造舒适氛围。"
  },
  {
    "activity_id": "act_009",
    "start_time": "2026-02-18T22:30:00",
    "end_time": "2026-02-18T23:00:00",
    "room_id": "living_room",
    "target_object_ids": [
      "game_console_001"
    ],
    "action_type": "interact",
    "description": "开启游戏机进行娱乐活动，放松心情。"
  },
  {
    "activity_id": "act_009",
    "start_time": "2026-02-18T23:00:00",
    "end_time": "2026-02-18T23:30:00",
    "room_id": "living_room",
    "target_object_ids": [
      "sofa_001"
    ],
    "action_type": "interact",
    "description": "躺在沙发上，享受片刻的安静与放松。"
  },
  {
    "activity_id": "act_010",
    "start_time": "2026-02-18T23:30:00",
    "end_time": "2026-02-18T23:35:00",
    "room_id": "master_bedroom",
    "target_object_ids": [
      "blackout_curtain_001"
    ],
    "action_type": "interact",
    "description": "拉上遮光窗帘，营造适合睡眠的环境。"
  },
  {
    "activity_id": "act_010",
    "start_time": "2026-02-18T23:35:00",
    "end_time": "2026-02-18T23:40:00",
    "room_id": "master_bedroom",
    "target_object_ids": [
      "air_purifier_001"
    ],
    "action_type": "interact",
    "description": "开启空气净化器，调整到睡眠模式。"
  },
  {
    "activity_id": "act_010",
    "start_time": "2026-02-18T23:40:00",
    "end_time": "2026-02-18T23:45:00",
    "room_id": "master_bedroom",
    "target_object_ids": [
      "smart_lamp_001"
    ],
    "action_type": "interact",
    "description": "将智能台灯调至昏暗模式，营造舒适的氛围。"
  },
  {
    "activity_id": "act_010",
    "start_time": "2026-02-18T23:45:00",
    "end_time": "2026-02-19T07:00:00",
    "room_id": "master_bedroom",
    "target_object_ids": [
      "bed_001"
    ],
    "action_type": "interact",
    "description": "躺在床上，准备入睡。"
  }
]