[
  {
    "activity_id": "act_001",
    "start_time": "2026-02-11T07:00:00",
    "end_time": "2026-02-11T07:02:00",
    "room_id": "master_bedroom",
    "target_object_ids": [
      "bed_001"
    ],
    "action_type": "interact",
    "description": "张辰在主卧的床上起身并站立。"
  },
  {
    "activity_id": "act_001",
    "start_time": "2026-02-11T07:02:00",
    "end_time": "2026-02-11T07:05:00",
    "room_id": "master_bedroom",
    "target_object_ids": [
      "bed_001"
    ],
    "action_type": "interact",
    "description": "整理床铺，将被褥整齐摆放。"
  },
  {
    "activity_id": "act_001",
    "start_time": "2026-02-11T07:05:00",
    "end_time": "2026-02-11T07:07:00",
    "room_id": "master_bedroom",
    "target_object_ids": [
      "blackout_curtain_001"
    ],
    "action_type": "interact",
    "description": "拉开遮光窗帘，让晨光进入室内。"
  },
  {
    "activity_id": "act_001",
    "start_time": "2026-02-11T07:07:00",
    "end_time": "2026-02-11T07:08:00",
    "room_id": "living_room",
    "target_object_ids": [],
    "action_type": "move",
    "description": "前往客厅准备进行晨间洗漱。"
  },
  {
    "activity_id": "act_001",
    "start_time": "2026-02-11T07:08:00",
    "end_time": "2026-02-11T07:12:00",
    "room_id": "living_room",
    "target_object_ids": [],
    "action_type": "idle",
    "description": "在客厅内短暂整理个人物品。"
  },
  {
    "activity_id": "act_002",
    "start_time": "2026-02-11T07:30:00",
    "end_time": "2026-02-11T07:31:00",
    "room_id": "kitchen",
    "target_object_ids": [],
    "action_type": "move",
    "description": "前往厨房开始准备早餐。"
  },
  {
    "activity_id": "act_002",
    "start_time": "2026-02-11T07:31:00",
    "end_time": "2026-02-11T07:33:00",
    "room_id": "kitchen",
    "target_object_ids": [
      "smart_fridge_001"
    ],
    "action_type": "interact",
    "description": "从智能冰箱中取出需要的食材。"
  },
  {
    "activity_id": "act_002",
    "start_time": "2026-02-11T07:33:00",
    "end_time": "2026-02-11T07:37:00",
    "room_id": "kitchen",
    "target_object_ids": [
      "microwave_001"
    ],
    "action_type": "interact",
    "description": "使用微波炉加热早餐。"
  },
  {
    "activity_id": "act_002",
    "start_time": "2026-02-11T07:37:00",
    "end_time": "2026-02-11T07:45:00",
    "room_id": "kitchen",
    "target_object_ids": [
      "dining_table_001"
    ],
    "action_type": "interact",
    "description": "将早餐摆放在餐桌上并准备茶。"
  },
  {
    "activity_id": "act_002",
    "start_time": "2026-02-11T07:45:00",
    "end_time": "2026-02-11T08:00:00",
    "room_id": "kitchen",
    "target_object_ids": [
      "dining_table_001"
    ],
    "action_type": "interact",
    "description": "坐在餐桌旁享用早餐。"
  },
  {
    "activity_id": "act_003",
    "start_time": "2026-02-11T08:00:00",
    "end_time": "2026-02-11T12:00:00",
    "room_id": "Outside",
    "target_object_ids": [],
    "action_type": "outside",
    "description": "张辰前往公司并参与日常工作以及上午的项目会议。"
  },
  {
    "activity_id": "act_004",
    "start_time": "2026-02-11T12:00:00",
    "end_time": "2026-02-11T13:00:00",
    "room_id": "Outside",
    "target_object_ids": [],
    "action_type": "outside",
    "description": "张辰与同事在附近餐厅享用午餐，讨论最近的行业动态。"
  },
  {
    "activity_id": "act_005",
    "start_time": "2026-02-11T13:00:00",
    "end_time": "2026-02-11T17:30:00",
    "room_id": "Outside",
    "target_object_ids": [],
    "action_type": "outside",
    "description": "张辰前往公司以处理品牌营销项目相关事务。"
  },
  {
    "activity_id": "act_006",
    "start_time": "2026-02-11T17:30:00",
    "end_time": "2026-02-11T18:00:00",
    "room_id": "Outside",
    "target_object_ids": [],
    "action_type": "outside",
    "description": "张辰结束工作后从公司出发，开始通勤回家。"
  },
  {
    "activity_id": "act_007",
    "start_time": "2026-02-11T18:00:00",
    "end_time": "2026-02-11T18:05:00",
    "room_id": "living_room",
    "target_object_ids": [
      "sofa_001"
    ],
    "action_type": "interact",
    "description": "张辰坐在客厅的沙发上，调整姿势准备观看科技纪录片。"
  },
  {
    "activity_id": "act_007",
    "start_time": "2026-02-11T18:05:00",
    "end_time": "2026-02-11T18:10:00",
    "room_id": "living_room",
    "target_object_ids": [
      "smart_tv_001"
    ],
    "action_type": "interact",
    "description": "张辰打开客厅的智能电视，选择科技纪录片进行播放。"
  },
  {
    "activity_id": "act_007",
    "start_time": "2026-02-11T18:10:00",
    "end_time": "2026-02-11T18:15:00",
    "room_id": "living_room",
    "target_object_ids": [
      "sound_system_001"
    ],
    "action_type": "interact",
    "description": "张辰调整客厅音响系统的音量，优化观看体验。"
  },
  {
    "activity_id": "act_007",
    "start_time": "2026-02-11T18:15:00",
    "end_time": "2026-02-11T18:30:00",
    "room_id": "living_room",
    "target_object_ids": [
      "sofa_001"
    ],
    "action_type": "interact",
    "description": "张辰继续观看科技纪录片，期间调整坐姿放松身体。"
  },
  {
    "activity_id": "act_008",
    "start_time": "2026-02-11T18:30:00",
    "end_time": "2026-02-11T20:00:00",
    "room_id": "Outside",
    "target_object_ids": [],
    "action_type": "outside",
    "description": "张辰前往健身房进行力量训练，保持健康的身体状态。"
  },
  {
    "activity_id": "act_009",
    "start_time": "2026-02-11T20:00:00",
    "end_time": "2026-02-11T20:05:00",
    "room_id": "kitchen",
    "target_object_ids": [
      "smart_fridge_001"
    ],
    "action_type": "interact",
    "description": "张辰从智能冰箱中取出需要的食材。"
  },
  {
    "activity_id": "act_009",
    "start_time": "2026-02-11T20:05:00",
    "end_time": "2026-02-11T20:10:00",
    "room_id": "kitchen",
    "target_object_ids": [
      "microwave_001"
    ],
    "action_type": "interact",
    "description": "张辰使用微波炉对部分食材进行加热。"
  },
  {
    "activity_id": "act_009",
    "start_time": "2026-02-11T20:10:00",
    "end_time": "2026-02-11T20:20:00",
    "room_id": "kitchen",
    "target_object_ids": [
      "dining_table_001"
    ],
    "action_type": "interact",
    "description": "张辰在餐桌上摆放餐具并完成料理摆盘。"
  },
  {
    "activity_id": "act_009",
    "start_time": "2026-02-11T20:20:00",
    "end_time": "2026-02-11T20:30:00",
    "room_id": "kitchen",
    "target_object_ids": [
      "dining_table_001"
    ],
    "action_type": "interact",
    "description": "张辰坐在餐桌旁享用低糖日式料理。"
  },
  {
    "activity_id": "act_010",
    "start_time": "2026-02-11T20:30:00",
    "end_time": "2026-02-11T20:35:00",
    "room_id": "study_room",
    "target_object_ids": [
      "dual_monitor_001"
    ],
    "action_type": "interact",
    "description": "张辰打开双屏显示器，准备观看在线课程。"
  },
  {
    "activity_id": "act_010",
    "start_time": "2026-02-11T20:35:00",
    "end_time": "2026-02-11T20:40:00",
    "room_id": "study_room",
    "target_object_ids": [
      "smart_speaker_001"
    ],
    "action_type": "interact",
    "description": "张辰使用智能音箱播放背景音乐以提高专注。"
  },
  {
    "activity_id": "act_010",
    "start_time": "2026-02-11T20:40:00",
    "end_time": "2026-02-11T20:45:00",
    "room_id": "study_room",
    "target_object_ids": [
      "ergonomic_chair_001"
    ],
    "action_type": "interact",
    "description": "张辰调整人体工学椅的姿势以确保舒适。"
  },
  {
    "activity_id": "act_010",
    "start_time": "2026-02-11T20:45:00",
    "end_time": "2026-02-11T21:45:00",
    "room_id": "study_room",
    "target_object_ids": [
      "dual_monitor_001"
    ],
    "action_type": "interact",
    "description": "张辰专注于屏幕中播放的在线课程内容，提升专业知识。"
  },
  {
    "activity_id": "act_010",
    "start_time": "2026-02-11T21:45:00",
    "end_time": "2026-02-11T21:50:00",
    "room_id": "study_room",
    "target_object_ids": [
      "dual_monitor_001"
    ],
    "action_type": "interact",
    "description": "张辰关闭双屏显示器，结束学习活动。"
  },
  {
    "activity_id": "act_010",
    "start_time": "2026-02-11T21:50:00",
    "end_time": "2026-02-11T22:00:00",
    "room_id": "study_room",
    "target_object_ids": [
      "smart_speaker_001"
    ],
    "action_type": "interact",
    "description": "张辰关闭智能音箱并停止音乐播放。"
  },
  {
    "activity_id": "act_011",
    "start_time": "2026-02-11T22:00:00",
    "end_time": "2026-02-11T22:05:00",
    "room_id": "living_room",
    "target_object_ids": [],
    "action_type": "move",
    "description": "前往客厅为娱乐活动做准备。"
  },
  {
    "activity_id": "act_011",
    "start_time": "2026-02-11T22:05:00",
    "end_time": "2026-02-11T22:10:00",
    "room_id": "living_room",
    "target_object_ids": [
      "game_console_001"
    ],
    "action_type": "interact",
    "description": "开启游戏机以开始游戏。"
  },
  {
    "activity_id": "act_011",
    "start_time": "2026-02-11T22:10:00",
    "end_time": "2026-02-11T22:50:00",
    "room_id": "living_room",
    "target_object_ids": [
      "game_console_001"
    ],
    "action_type": "interact",
    "description": "体验游戏内容并进行在线互动。"
  },
  {
    "activity_id": "act_011",
    "start_time": "2026-02-11T22:50:00",
    "end_time": "2026-02-11T22:55:00",
    "room_id": "living_room",
    "target_object_ids": [
      "game_console_001"
    ],
    "action_type": "interact",
    "description": "关闭游戏机结束娱乐活动。"
  },
  {
    "activity_id": "act_011",
    "start_time": "2026-02-11T22:55:00",
    "end_time": "2026-02-11T23:00:00",
    "room_id": "living_room",
    "target_object_ids": [
      "sofa_001"
    ],
    "action_type": "idle",
    "description": "在沙发上休息并回顾游戏体验。"
  },
  {
    "activity_id": "act_012",
    "start_time": "2026-02-11T23:00:00",
    "end_time": "2026-02-11T23:05:00",
    "room_id": "master_bedroom",
    "target_object_ids": [
      "smart_lamp_001"
    ],
    "action_type": "interact",
    "description": "打开智能台灯为阅读提供适宜光线。"
  },
  {
    "activity_id": "act_012",
    "start_time": "2026-02-11T23:05:00",
    "end_time": "2026-02-11T23:20:00",
    "room_id": "master_bedroom",
    "target_object_ids": [],
    "action_type": "idle",
    "description": "进行夜间护理以清洁皮肤。"
  },
  {
    "activity_id": "act_012",
    "start_time": "2026-02-11T23:20:00",
    "end_time": "2026-02-11T23:50:00",
    "room_id": "master_bedroom",
    "target_object_ids": [],
    "action_type": "idle",
    "description": "阅读短篇小说以放松身心。"
  },
  {
    "activity_id": "act_012",
    "start_time": "2026-02-11T23:50:00",
    "end_time": "2026-02-11T23:55:00",
    "room_id": "master_bedroom",
    "target_object_ids": [
      "smart_lamp_001"
    ],
    "action_type": "interact",
    "description": "关闭智能台灯以准备入睡。"
  },
  {
    "activity_id": "act_012",
    "start_time": "2026-02-11T23:55:00",
    "end_time": "2026-02-12T07:00:00",
    "room_id": "master_bedroom",
    "target_object_ids": [
      "bed_001"
    ],
    "action_type": "interact",
    "description": "躺到床上开始休息。"
  }
]