[
  {
    "activity_id": "act_001",
    "start_time": "2026-02-17T07:00:00",
    "end_time": "2026-02-17T07:03:00",
    "room_id": "master_bedroom",
    "target_object_ids": [
      "bed_001"
    ],
    "action_type": "interact",
    "description": "张辰从床上醒来，准备开始新的一天。"
  },
  {
    "activity_id": "act_001",
    "start_time": "2026-02-17T07:03:00",
    "end_time": "2026-02-17T07:07:00",
    "room_id": "master_bedroom",
    "target_object_ids": [
      "blackout_curtain_001"
    ],
    "action_type": "interact",
    "description": "张辰拉开遮光窗帘，迎接清晨的阳光。"
  },
  {
    "activity_id": "act_001",
    "start_time": "2026-02-17T07:07:00",
    "end_time": "2026-02-17T07:12:00",
    "room_id": "master_bedroom",
    "target_object_ids": [
      "bed_001"
    ],
    "action_type": "interact",
    "description": "张辰整洁地铺好床铺，使房间更为整齐。"
  },
  {
    "activity_id": "act_001",
    "start_time": "2026-02-17T07:12:00",
    "end_time": "2026-02-17T07:15:00",
    "room_id": "master_bedroom",
    "target_object_ids": [
      "wardrobe_001"
    ],
    "action_type": "interact",
    "description": "张辰打开衣柜，选择并准备适合今日穿着的服装。"
  },
  {
    "activity_id": "act_002",
    "start_time": "2026-02-17T07:15:00",
    "end_time": "2026-02-17T07:16:00",
    "room_id": "bathroom",
    "target_object_ids": [],
    "action_type": "move",
    "description": "张辰进入浴室，准备进行早晨卫生活动。"
  },
  {
    "activity_id": "act_002",
    "start_time": "2026-02-17T07:16:00",
    "end_time": "2026-02-17T07:25:00",
    "room_id": "bathroom",
    "target_object_ids": [
      "sink_cabinet_001"
    ],
    "action_type": "interact",
    "description": "张辰使用洗手台刷牙，确保口腔清洁。"
  },
  {
    "activity_id": "act_002",
    "start_time": "2026-02-17T07:25:00",
    "end_time": "2026-02-17T07:35:00",
    "room_id": "bathroom",
    "target_object_ids": [
      "sink_cabinet_001"
    ],
    "action_type": "interact",
    "description": "张辰用清水洗脸，并使用毛巾擦干。"
  },
  {
    "activity_id": "act_002",
    "start_time": "2026-02-17T07:35:00",
    "end_time": "2026-02-17T07:45:00",
    "room_id": "bathroom",
    "target_object_ids": [
      "smart_mirror_001"
    ],
    "action_type": "interact",
    "description": "张辰调整智能镜子的亮度，检查今日天气信息。"
  },
  {
    "activity_id": "act_003",
    "start_time": "2026-02-17T07:45:00",
    "end_time": "2026-02-17T07:50:00",
    "room_id": "kitchen",
    "target_object_ids": [
      "smart_fridge_001"
    ],
    "action_type": "interact",
    "description": "打开智能冰箱，检查库存，取出所需食材。"
  },
  {
    "activity_id": "act_003",
    "start_time": "2026-02-17T07:50:00",
    "end_time": "2026-02-17T07:55:00",
    "room_id": "kitchen",
    "target_object_ids": [
      "kitchen_cabinet_001"
    ],
    "action_type": "interact",
    "description": "打开厨房柜，取出餐具和烹饪工具。"
  },
  {
    "activity_id": "act_003",
    "start_time": "2026-02-17T07:55:00",
    "end_time": "2026-02-17T08:05:00",
    "room_id": "kitchen",
    "target_object_ids": [
      "microwave_001"
    ],
    "action_type": "interact",
    "description": "准备食材并使用微波炉加热。"
  },
  {
    "activity_id": "act_003",
    "start_time": "2026-02-17T08:05:00",
    "end_time": "2026-02-17T08:15:00",
    "room_id": "kitchen",
    "target_object_ids": [
      "dining_table_001"
    ],
    "action_type": "interact",
    "description": "在餐桌上享用低糖日式早餐，同时思考工作计划。"
  },
  {
    "activity_id": "act_004",
    "start_time": "2026-02-17T08:15:00",
    "end_time": "2026-02-17T08:20:00",
    "room_id": "study_room",
    "target_object_ids": [
      "desk_001"
    ],
    "action_type": "interact",
    "description": "清理书桌以确保工作环境整洁。"
  },
  {
    "activity_id": "act_004",
    "start_time": "2026-02-17T08:20:00",
    "end_time": "2026-02-17T08:50:00",
    "room_id": "study_room",
    "target_object_ids": [
      "dual_monitor_001"
    ],
    "action_type": "interact",
    "description": "开启双屏显示器并进行主要工作任务。"
  },
  {
    "activity_id": "act_004",
    "start_time": "2026-02-17T08:50:00",
    "end_time": "2026-02-17T09:00:00",
    "room_id": "study_room",
    "target_object_ids": [
      "smart_speaker_001"
    ],
    "action_type": "interact",
    "description": "播放轻音乐以提升专注力。"
  },
  {
    "activity_id": "act_004",
    "start_time": "2026-02-17T09:00:00",
    "end_time": "2026-02-17T09:30:00",
    "room_id": "study_room",
    "target_object_ids": [
      "dual_monitor_001"
    ],
    "action_type": "interact",
    "description": "继续专注于工作任务。"
  },
  {
    "activity_id": "act_004",
    "start_time": "2026-02-17T09:30:00",
    "end_time": "2026-02-17T10:00:00",
    "room_id": "study_room",
    "target_object_ids": [
      "printer_001"
    ],
    "action_type": "interact",
    "description": "打印工作报告并进行整理。"
  },
  {
    "activity_id": "act_005",
    "start_time": "2026-02-17T10:00:00",
    "end_time": "2026-02-17T12:30:00",
    "room_id": "Outside",
    "target_object_ids": [],
    "action_type": "outside",
    "description": "Attending the scheduled project meeting at the company's conference room."
  },
  {
    "activity_id": "act_006",
    "start_time": "2026-02-17T12:30:00",
    "end_time": "2026-02-17T12:35:00",
    "room_id": "kitchen",
    "target_object_ids": [
      "kitchen_cabinet_001"
    ],
    "action_type": "interact",
    "description": "Retrieve ingredients from the kitchen cabinet."
  },
  {
    "activity_id": "act_006",
    "start_time": "2026-02-17T12:35:00",
    "end_time": "2026-02-17T12:45:00",
    "room_id": "kitchen",
    "target_object_ids": [
      "microwave_001"
    ],
    "action_type": "interact",
    "description": "Prepare and heat food using the microwave."
  },
  {
    "activity_id": "act_006",
    "start_time": "2026-02-17T12:45:00",
    "end_time": "2026-02-17T13:10:00",
    "room_id": "kitchen",
    "target_object_ids": [
      "dining_table_001"
    ],
    "action_type": "interact",
    "description": "Eat lunch at the dining table."
  },
  {
    "activity_id": "act_006",
    "start_time": "2026-02-17T13:10:00",
    "end_time": "2026-02-17T13:15:00",
    "room_id": "kitchen",
    "target_object_ids": [
      "dining_table_001"
    ],
    "action_type": "interact",
    "description": "Clean up the dining table."
  },
  {
    "activity_id": "act_007",
    "start_time": "2026-02-17T13:15:00",
    "end_time": "2026-02-17T13:25:00",
    "room_id": "study_room",
    "target_object_ids": [
      "dual_monitor_001"
    ],
    "action_type": "interact",
    "description": "Turn on the dual monitors and adjust brightness for work."
  },
  {
    "activity_id": "act_007",
    "start_time": "2026-02-17T13:25:00",
    "end_time": "2026-02-17T14:30:00",
    "room_id": "study_room",
    "target_object_ids": [
      "desk_001",
      "ergonomic_chair_001"
    ],
    "action_type": "interact",
    "description": "Sit at the ergonomic chair and work on the tasks at the desk."
  },
  {
    "activity_id": "act_007",
    "start_time": "2026-02-17T14:30:00",
    "end_time": "2026-02-17T14:40:00",
    "room_id": "study_room",
    "target_object_ids": [
      "smart_speaker_001"
    ],
    "action_type": "interact",
    "description": "Play some background music using the smart speaker for focus."
  },
  {
    "activity_id": "act_007",
    "start_time": "2026-02-17T14:40:00",
    "end_time": "2026-02-17T15:20:00",
    "room_id": "study_room",
    "target_object_ids": [
      "dual_monitor_001"
    ],
    "action_type": "interact",
    "description": "Continue the work tasks using the dual monitors."
  },
  {
    "activity_id": "act_007",
    "start_time": "2026-02-17T15:20:00",
    "end_time": "2026-02-17T15:30:00",
    "room_id": "study_room",
    "target_object_ids": [
      "desk_001"
    ],
    "action_type": "interact",
    "description": "Organize the desk and prepare for the next session."
  },
  {
    "activity_id": "act_008",
    "start_time": "2026-02-17T15:30:00",
    "end_time": "2026-02-17T15:35:00",
    "room_id": "living_room",
    "target_object_ids": [
      "sofa_001"
    ],
    "action_type": "interact",
    "description": "Sit comfortably on the sofa."
  },
  {
    "activity_id": "act_008",
    "start_time": "2026-02-17T15:35:00",
    "end_time": "2026-02-17T15:40:00",
    "room_id": "living_room",
    "target_object_ids": [
      "smart_tv_001"
    ],
    "action_type": "interact",
    "description": "Turn on the smart TV and select a short documentary."
  },
  {
    "activity_id": "act_008",
    "start_time": "2026-02-17T15:40:00",
    "end_time": "2026-02-17T15:58:00",
    "room_id": "living_room",
    "target_object_ids": [
      "smart_tv_001"
    ],
    "action_type": "interact",
    "description": "Watch the documentary on the smart TV."
  },
  {
    "activity_id": "act_008",
    "start_time": "2026-02-17T15:58:00",
    "end_time": "2026-02-17T15:59:00",
    "room_id": "living_room",
    "target_object_ids": [
      "smart_tv_001"
    ],
    "action_type": "interact",
    "description": "Turn off the smart TV."
  },
  {
    "activity_id": "act_008",
    "start_time": "2026-02-17T15:59:00",
    "end_time": "2026-02-17T16:00:00",
    "room_id": "living_room",
    "target_object_ids": [
      "sofa_001"
    ],
    "action_type": "interact",
    "description": "Stand up from the sofa."
  },
  {
    "activity_id": "act_009",
    "start_time": "2026-02-17T16:00:00",
    "end_time": "2026-02-17T16:02:00",
    "room_id": "study_room",
    "target_object_ids": [],
    "action_type": "move",
    "description": "Enter the study room and prepare for work."
  },
  {
    "activity_id": "act_009",
    "start_time": "2026-02-17T16:02:00",
    "end_time": "2026-02-17T16:05:00",
    "room_id": "study_room",
    "target_object_ids": [
      "ergonomic_chair_001"
    ],
    "action_type": "interact",
    "description": "Sit on the ergonomic chair and adjust its height for comfort."
  },
  {
    "activity_id": "act_009",
    "start_time": "2026-02-17T16:05:00",
    "end_time": "2026-02-17T16:10:00",
    "room_id": "study_room",
    "target_object_ids": [
      "dual_monitor_001"
    ],
    "action_type": "interact",
    "description": "Turn on the dual monitors and set up the work environment."
  },
  {
    "activity_id": "act_009",
    "start_time": "2026-02-17T16:10:00",
    "end_time": "2026-02-17T17:30:00",
    "room_id": "study_room",
    "target_object_ids": [
      "desk_001"
    ],
    "action_type": "interact",
    "description": "Work on project deadlines by organizing files and writing reports."
  },
  {
    "activity_id": "act_009",
    "start_time": "2026-02-17T17:30:00",
    "end_time": "2026-02-17T17:50:00",
    "room_id": "study_room",
    "target_object_ids": [
      "smart_speaker_001"
    ],
    "action_type": "interact",
    "description": "Take a short break and play music using the smart speaker."
  },
  {
    "activity_id": "act_009",
    "start_time": "2026-02-17T17:50:00",
    "end_time": "2026-02-17T18:25:00",
    "room_id": "study_room",
    "target_object_ids": [
      "desk_001"
    ],
    "action_type": "interact",
    "description": "Resume work and finalize the tasks."
  },
  {
    "activity_id": "act_009",
    "start_time": "2026-02-17T18:25:00",
    "end_time": "2026-02-17T18:30:00",
    "room_id": "study_room",
    "target_object_ids": [
      "dual_monitor_001"
    ],
    "action_type": "interact",
    "description": "Organize the workspace and turn off the devices."
  },
  {
    "activity_id": "act_010",
    "start_time": "2026-02-17T18:30:00",
    "end_time": "2026-02-17T18:31:30",
    "room_id": "kitchen",
    "target_object_ids": [
      "dining_table_001"
    ],
    "action_type": "interact",
    "description": "Retrieve a moment to mentally prepare for dinner tasks."
  },
  {
    "activity_id": "act_010",
    "start_time": "2026-02-17T18:31:30",
    "end_time": "2026-02-17T18:33:00",
    "room_id": "kitchen",
    "target_object_ids": [
      "smart_fridge_001"
    ],
    "action_type": "interact",
    "description": "Open the smart fridge to gather ingredients."
  },
  {
    "activity_id": "act_010",
    "start_time": "2026-02-17T18:33:00",
    "end_time": "2026-02-17T18:35:00",
    "room_id": "kitchen",
    "target_object_ids": [
      "kitchen_cabinet_001"
    ],
    "action_type": "interact",
    "description": "Retrieve utensils from the kitchen cabinet."
  },
  {
    "activity_id": "act_010",
    "start_time": "2026-02-17T18:35:00",
    "end_time": "2026-02-17T18:50:00",
    "room_id": "kitchen",
    "target_object_ids": [
      "microwave_001"
    ],
    "action_type": "interact",
    "description": "Heat the gathered ingredients in the microwave."
  },
  {
    "activity_id": "act_010",
    "start_time": "2026-02-17T18:50:00",
    "end_time": "2026-02-17T18:55:00",
    "room_id": "kitchen",
    "target_object_ids": [
      "dining_table_001"
    ],
    "action_type": "interact",
    "description": "Arrange the table for dinner."
  },
  {
    "activity_id": "act_010",
    "start_time": "2026-02-17T18:55:00",
    "end_time": "2026-02-17T19:00:00",
    "room_id": "kitchen",
    "target_object_ids": [
      "dining_table_001"
    ],
    "action_type": "interact",
    "description": "Enjoy the prepared Japanese-style dinner."
  },
  {
    "activity_id": "act_011",
    "start_time": "2026-02-17T19:00:00",
    "end_time": "2026-02-17T19:05:00",
    "room_id": "living_room",
    "target_object_ids": [
      "game_console_001"
    ],
    "action_type": "interact",
    "description": "Turn on the game console and start setting up for a gaming session."
  },
  {
    "activity_id": "act_011",
    "start_time": "2026-02-17T19:05:00",
    "end_time": "2026-02-17T20:30:00",
    "room_id": "living_room",
    "target_object_ids": [
      "game_console_001"
    ],
    "action_type": "interact",
    "description": "Engage in an interactive gaming session using the console."
  },
  {
    "activity_id": "act_011",
    "start_time": "2026-02-17T20:30:00",
    "end_time": "2026-02-17T20:35:00",
    "room_id": "living_room",
    "target_object_ids": [
      "game_console_001"
    ],
    "action_type": "interact",
    "description": "Turn off the game console and organize the gaming area."
  },
  {
    "activity_id": "act_011",
    "start_time": "2026-02-17T20:35:00",
    "end_time": "2026-02-17T21:00:00",
    "room_id": "living_room",
    "target_object_ids": [
      "sofa_001"
    ],
    "action_type": "idle",
    "description": "Relax on the sofa while reflecting on the gaming experience."
  },
  {
    "activity_id": "act_012",
    "start_time": "2026-02-17T21:00:00",
    "end_time": "2026-02-17T21:05:00",
    "room_id": "master_bedroom",
    "target_object_ids": [
      "air_purifier_001"
    ],
    "action_type": "interact",
    "description": "Adjusting the air purifier to ensure optimal sleep environment."
  },
  {
    "activity_id": "act_012",
    "start_time": "2026-02-17T21:05:00",
    "end_time": "2026-02-17T21:20:00",
    "room_id": "master_bedroom",
    "target_object_ids": [
      "wardrobe_001"
    ],
    "action_type": "interact",
    "description": "Organizing the wardrobe to select comfortable sleepwear."
  },
  {
    "activity_id": "act_012",
    "start_time": "2026-02-17T21:20:00",
    "end_time": "2026-02-17T21:25:00",
    "room_id": "master_bedroom",
    "target_object_ids": [
      "smart_lamp_001"
    ],
    "action_type": "interact",
    "description": "Setting the smart lamp to a relaxing brightness and color."
  },
  {
    "activity_id": "act_012",
    "start_time": "2026-02-17T21:25:00",
    "end_time": "2026-02-17T23:30:00",
    "room_id": "master_bedroom",
    "target_object_ids": [
      "bed_001"
    ],
    "action_type": "idle",
    "description": "Relaxing in bed while unwinding from the day's events."
  },
  {
    "activity_id": "act_013",
    "start_time": "2026-02-17T23:30:00",
    "end_time": "2026-02-17T23:35:00",
    "room_id": "master_bedroom",
    "target_object_ids": [
      "smart_lamp_001"
    ],
    "action_type": "interact",
    "description": "Adjusting the smart lamp for optimal sleeping conditions."
  },
  {
    "activity_id": "act_013",
    "start_time": "2026-02-17T23:35:00",
    "end_time": "2026-02-17T23:40:00",
    "room_id": "master_bedroom",
    "target_object_ids": [
      "blackout_curtain_001"
    ],
    "action_type": "interact",
    "description": "Closing the blackout curtain to block external light."
  },
  {
    "activity_id": "act_013",
    "start_time": "2026-02-17T23:40:00",
    "end_time": "2026-02-17T23:45:00",
    "room_id": "master_bedroom",
    "target_object_ids": [
      "air_purifier_001"
    ],
    "action_type": "interact",
    "description": "Turning on the air purifier to ensure a clean environment."
  },
  {
    "activity_id": "act_013",
    "start_time": "2026-02-17T23:45:00",
    "end_time": "2026-02-18T07:00:00",
    "room_id": "master_bedroom",
    "target_object_ids": [
      "bed_001"
    ],
    "action_type": "idle",
    "description": "Sleeping on the bed for rest and recovery."
  }
]