[
  {
    "activity_id": "act_001",
    "start_time": "2026-02-12T07:00:00",
    "end_time": "2026-02-12T07:03:00",
    "room_id": "master_bedroom",
    "target_object_ids": [
      "bed_001"
    ],
    "action_type": "interact",
    "description": "张辰从床上起身，准备迎接新的一天。"
  },
  {
    "activity_id": "act_001",
    "start_time": "2026-02-12T07:03:00",
    "end_time": "2026-02-12T07:06:00",
    "room_id": "master_bedroom",
    "target_object_ids": [
      "blackout_curtain_001"
    ],
    "action_type": "interact",
    "description": "张辰拉开遮光窗帘，阳光洒满房间，带来一天的好心情。"
  },
  {
    "activity_id": "act_001",
    "start_time": "2026-02-12T07:06:00",
    "end_time": "2026-02-12T07:15:00",
    "room_id": "master_bedroom",
    "target_object_ids": [
      "bed_001"
    ],
    "action_type": "interact",
    "description": "张辰整理床铺，使卧室整洁有序，为一天的开始营造舒适的环境。"
  },
  {
    "activity_id": "act_002",
    "start_time": "2026-02-12T07:15:00",
    "end_time": "2026-02-12T07:16:00",
    "room_id": "bathroom",
    "target_object_ids": [],
    "action_type": "move",
    "description": "张辰从起始点前往浴室，准备进行个人清洁活动。"
  },
  {
    "activity_id": "act_002",
    "start_time": "2026-02-12T07:16:00",
    "end_time": "2026-02-12T07:18:00",
    "room_id": "bathroom",
    "target_object_ids": [
      "sink_cabinet_001"
    ],
    "action_type": "interact",
    "description": "张辰从洗手台柜中取出洗漱用品，为清洁活动做准备。"
  },
  {
    "activity_id": "act_002",
    "start_time": "2026-02-12T07:18:00",
    "end_time": "2026-02-12T07:20:00",
    "room_id": "bathroom",
    "target_object_ids": [
      "smart_mirror_001"
    ],
    "action_type": "interact",
    "description": "张辰使用智能镜子查看今日的天气和日程安排。"
  },
  {
    "activity_id": "act_002",
    "start_time": "2026-02-12T07:20:00",
    "end_time": "2026-02-12T07:25:00",
    "room_id": "bathroom",
    "target_object_ids": [
      "sink_cabinet_001"
    ],
    "action_type": "interact",
    "description": "张辰清洗脸部并用毛巾擦干。"
  },
  {
    "activity_id": "act_002",
    "start_time": "2026-02-12T07:25:00",
    "end_time": "2026-02-12T07:30:00",
    "room_id": "bathroom",
    "target_object_ids": [
      "washing_machine_001"
    ],
    "action_type": "interact",
    "description": "张辰将脏衣服放入洗衣机并设置洗涤模式。"
  },
  {
    "activity_id": "act_002",
    "start_time": "2026-02-12T07:30:00",
    "end_time": "2026-02-12T07:35:00",
    "room_id": "bathroom",
    "target_object_ids": [
      "dryer_001"
    ],
    "action_type": "interact",
    "description": "张辰将干净衣物放入烘干机进行烘干。"
  },
  {
    "activity_id": "act_002",
    "start_time": "2026-02-12T07:35:00",
    "end_time": "2026-02-12T07:45:00",
    "room_id": "bathroom",
    "target_object_ids": [],
    "action_type": "idle",
    "description": "张辰等待洗衣机完成洗涤过程，同时放松心情。"
  },
  {
    "activity_id": "act_003",
    "start_time": "2026-02-12T07:45:00",
    "end_time": "2026-02-12T07:50:00",
    "room_id": "kitchen",
    "target_object_ids": [
      "smart_fridge_001"
    ],
    "action_type": "interact",
    "description": "张辰打开智能冰箱，检查库存以选择早餐食材。"
  },
  {
    "activity_id": "act_003",
    "start_time": "2026-02-12T07:50:00",
    "end_time": "2026-02-12T07:55:00",
    "room_id": "kitchen",
    "target_object_ids": [
      "microwave_001"
    ],
    "action_type": "interact",
    "description": "张辰使用微波炉加热早餐食物。"
  },
  {
    "activity_id": "act_003",
    "start_time": "2026-02-12T07:55:00",
    "end_time": "2026-02-12T08:00:00",
    "room_id": "kitchen",
    "target_object_ids": [
      "dining_table_001"
    ],
    "action_type": "interact",
    "description": "张辰将早餐放置在餐桌上准备享用。"
  },
  {
    "activity_id": "act_003",
    "start_time": "2026-02-12T08:00:00",
    "end_time": "2026-02-12T08:15:00",
    "room_id": "kitchen",
    "target_object_ids": [
      "dining_table_001"
    ],
    "action_type": "idle",
    "description": "张辰在餐桌上享用早餐，放松片刻。"
  },
  {
    "activity_id": "act_004",
    "start_time": "2026-02-12T08:15:00",
    "end_time": "2026-02-12T09:00:00",
    "room_id": "Outside",
    "target_object_ids": [],
    "action_type": "outside",
    "description": "张辰离开家中，开始通勤前往公司。"
  },
  {
    "activity_id": "act_005",
    "start_time": "2026-02-12T10:00:00",
    "end_time": "2026-02-12T12:00:00",
    "room_id": "Outside",
    "target_object_ids": [],
    "action_type": "outside",
    "description": "张辰参与公司会议室的例行项目会议，讨论工作进展。"
  },
  {
    "activity_id": "act_006",
    "start_time": "2026-02-12T12:30:00",
    "end_time": "2026-02-12T13:00:00",
    "room_id": "Outside",
    "target_object_ids": [],
    "action_type": "outside",
    "description": "张辰与同事一同在公司餐厅用餐，交流当天的工作感想。"
  },
  {
    "activity_id": "act_007",
    "start_time": "2026-02-12T13:30:00",
    "end_time": "2026-02-12T13:40:00",
    "room_id": "living_room",
    "target_object_ids": [],
    "action_type": "idle",
    "description": "张辰正在准备开始下午的工作任务。"
  },
  {
    "activity_id": "act_007",
    "start_time": "2026-02-12T13:40:00",
    "end_time": "2026-02-12T15:30:00",
    "room_id": "study_room",
    "target_object_ids": [],
    "action_type": "interact",
    "description": "张辰整理会议记录并编辑相关文件。"
  },
  {
    "activity_id": "act_007",
    "start_time": "2026-02-12T15:30:00",
    "end_time": "2026-02-12T15:40:00",
    "room_id": "study_room",
    "target_object_ids": [],
    "action_type": "idle",
    "description": "张辰休息片刻，缓解工作压力。"
  },
  {
    "activity_id": "act_007",
    "start_time": "2026-02-12T15:40:00",
    "end_time": "2026-02-12T17:30:00",
    "room_id": "study_room",
    "target_object_ids": [],
    "action_type": "interact",
    "description": "张辰继续完成工作任务。"
  },
  {
    "activity_id": "act_008",
    "start_time": "2026-02-12T17:30:00",
    "end_time": "2026-02-12T18:15:00",
    "room_id": "Outside",
    "target_object_ids": [],
    "action_type": "outside",
    "description": "张辰结束一天的工作，搭乘交通工具返回家中。"
  },
  {
    "activity_id": "act_009",
    "start_time": "2026-02-12T19:00:00",
    "end_time": "2026-02-12T19:02:00",
    "room_id": "kitchen",
    "target_object_ids": [],
    "action_type": "move",
    "description": "张辰走进厨房，为晚餐准备开始。"
  },
  {
    "activity_id": "act_009",
    "start_time": "2026-02-12T19:02:00",
    "end_time": "2026-02-12T19:05:00",
    "room_id": "kitchen",
    "target_object_ids": [
      "smart_fridge_001"
    ],
    "action_type": "interact",
    "description": "张辰打开智能冰箱，检查食材库存。"
  },
  {
    "activity_id": "act_009",
    "start_time": "2026-02-12T19:05:00",
    "end_time": "2026-02-12T19:10:00",
    "room_id": "kitchen",
    "target_object_ids": [
      "dining_table_001"
    ],
    "action_type": "interact",
    "description": "张辰取出所需食材并摆放在餐桌上。"
  },
  {
    "activity_id": "act_009",
    "start_time": "2026-02-12T19:10:00",
    "end_time": "2026-02-12T19:20:00",
    "room_id": "kitchen",
    "target_object_ids": [
      "microwave_001"
    ],
    "action_type": "interact",
    "description": "张辰使用微波炉加热食材。"
  },
  {
    "activity_id": "act_009",
    "start_time": "2026-02-12T19:20:00",
    "end_time": "2026-02-12T19:30:00",
    "room_id": "kitchen",
    "target_object_ids": [
      "dining_table_001"
    ],
    "action_type": "interact",
    "description": "张辰在餐桌上享受晚餐时光。"
  },
  {
    "activity_id": "act_010",
    "start_time": "2026-02-12T20:00:00",
    "end_time": "2026-02-12T20:03:00",
    "room_id": "living_room",
    "target_object_ids": [
      "sofa_001"
    ],
    "action_type": "interact",
    "description": "张辰感到头晕，试图坐在沙发上以稳定身体。"
  },
  {
    "activity_id": "act_010",
    "start_time": "2026-02-12T20:03:00",
    "end_time": "2026-02-12T20:06:00",
    "room_id": "living_room",
    "target_object_ids": [
      "coffee_table_001"
    ],
    "action_type": "interact",
    "description": "张辰在沙发旁借助咖啡桌寻找支撑，尝试缓解不适感。"
  },
  {
    "activity_id": "act_010",
    "start_time": "2026-02-12T20:06:00",
    "end_time": "2026-02-12T20:10:00",
    "room_id": "living_room",
    "target_object_ids": [],
    "action_type": "idle",
    "description": "张辰短暂休息，观察自身状况是否有所改善。"
  },
  {
    "activity_id": "act_011",
    "start_time": "2026-02-12T20:10:00",
    "end_time": "2026-02-12T20:15:00",
    "room_id": "living_room",
    "target_object_ids": [],
    "action_type": "interact",
    "description": "张辰拿起手机拨打急救电话。"
  },
  {
    "activity_id": "act_011",
    "start_time": "2026-02-12T20:15:00",
    "end_time": "2026-02-12T21:00:00",
    "room_id": "living_room",
    "target_object_ids": [
      "sofa_001"
    ],
    "action_type": "idle",
    "description": "拨打电话后等待救援的到来，舒适地躺在沙发上休息。"
  },
  {
    "activity_id": "act_012",
    "start_time": "2026-02-12T21:30:00",
    "end_time": "2026-02-12T21:35:00",
    "room_id": "master_bedroom",
    "target_object_ids": [],
    "action_type": "move",
    "description": "从客厅移动至主卧准备休息。"
  },
  {
    "activity_id": "act_012",
    "start_time": "2026-02-12T21:35:00",
    "end_time": "2026-02-12T21:40:00",
    "room_id": "master_bedroom",
    "target_object_ids": [
      "blackout_curtain_001"
    ],
    "action_type": "interact",
    "description": "拉上遮光窗帘，营造适合休息的光线环境。"
  },
  {
    "activity_id": "act_012",
    "start_time": "2026-02-12T21:40:00",
    "end_time": "2026-02-12T21:45:00",
    "room_id": "master_bedroom",
    "target_object_ids": [
      "smart_lamp_001"
    ],
    "action_type": "interact",
    "description": "调整智能台灯亮度至舒适的水平。"
  },
  {
    "activity_id": "act_012",
    "start_time": "2026-02-12T21:45:00",
    "end_time": "2026-02-12T21:50:00",
    "room_id": "master_bedroom",
    "target_object_ids": [
      "air_purifier_001"
    ],
    "action_type": "interact",
    "description": "开启空气净化器以改善室内空气质量。"
  },
  {
    "activity_id": "act_012",
    "start_time": "2026-02-12T21:50:00",
    "end_time": "2026-02-13T07:00:00",
    "room_id": "master_bedroom",
    "target_object_ids": [
      "bed_001"
    ],
    "action_type": "interact",
    "description": "在床上舒适地躺下，准备进入休息状态。"
  }
]