[
  {
    "activity_id": "act_001",
    "start_time": "2026-02-07T09:00:00",
    "end_time": "2026-02-07T09:03:00",
    "room_id": "master_bedroom",
    "target_object_ids": [
      "bed_001"
    ],
    "action_type": "interact",
    "description": "张辰从床上醒来并准备起身。"
  },
  {
    "activity_id": "act_001",
    "start_time": "2026-02-07T09:03:00",
    "end_time": "2026-02-07T09:06:00",
    "room_id": "master_bedroom",
    "target_object_ids": [
      "blackout_curtain_001"
    ],
    "action_type": "interact",
    "description": "张辰拉开窗帘迎接新的一天。"
  },
  {
    "activity_id": "act_001",
    "start_time": "2026-02-07T09:06:00",
    "end_time": "2026-02-07T09:10:00",
    "room_id": "master_bedroom",
    "target_object_ids": [],
    "action_type": "idle",
    "description": "张辰在房间内轻微伸展身体进行放松。"
  },
  {
    "activity_id": "act_001",
    "start_time": "2026-02-07T09:10:00",
    "end_time": "2026-02-07T09:15:00",
    "room_id": "master_bedroom",
    "target_object_ids": [
      "bed_001"
    ],
    "action_type": "interact",
    "description": "张辰整理床铺使其整洁。"
  },
  {
    "activity_id": "act_002",
    "start_time": "2026-02-07T09:15:00",
    "end_time": "2026-02-07T09:20:00",
    "room_id": "bathroom",
    "target_object_ids": [
      "sink_cabinet_001"
    ],
    "action_type": "interact",
    "description": "使用洗手台柜取出牙刷和牙膏准备刷牙。"
  },
  {
    "activity_id": "act_002",
    "start_time": "2026-02-07T09:20:00",
    "end_time": "2026-02-07T09:25:00",
    "room_id": "bathroom",
    "target_object_ids": [
      "smart_mirror_001"
    ],
    "action_type": "interact",
    "description": "通过智能镜子查看今日天气和日程安排。"
  },
  {
    "activity_id": "act_002",
    "start_time": "2026-02-07T09:25:00",
    "end_time": "2026-02-07T09:30:00",
    "room_id": "bathroom",
    "target_object_ids": [
      "sink_cabinet_001"
    ],
    "action_type": "interact",
    "description": "将牙刷和牙膏放回洗手台柜中，整理柜面。"
  },
  {
    "activity_id": "act_002",
    "start_time": "2026-02-07T09:30:00",
    "end_time": "2026-02-07T09:35:00",
    "room_id": "bathroom",
    "target_object_ids": [
      "smart_mirror_001"
    ],
    "action_type": "interact",
    "description": "使用智能镜子调整室内光照，完成脸部清洁。"
  },
  {
    "activity_id": "act_002",
    "start_time": "2026-02-07T09:35:00",
    "end_time": "2026-02-07T09:40:00",
    "room_id": "bathroom",
    "target_object_ids": [
      "dryer_001"
    ],
    "action_type": "interact",
    "description": "使用烘干机快速干燥手部。"
  },
  {
    "activity_id": "act_003",
    "start_time": "2026-02-07T09:45:00",
    "end_time": "2026-02-07T09:47:00",
    "room_id": "kitchen",
    "target_object_ids": [
      "smart_fridge_001"
    ],
    "action_type": "interact",
    "description": "打开智能冰箱，检查早餐食材库存。"
  },
  {
    "activity_id": "act_003",
    "start_time": "2026-02-07T09:47:00",
    "end_time": "2026-02-07T09:49:00",
    "room_id": "kitchen",
    "target_object_ids": [
      "kitchen_cabinet_001"
    ],
    "action_type": "interact",
    "description": "从厨房柜中取出所需餐具。"
  },
  {
    "activity_id": "act_003",
    "start_time": "2026-02-07T09:49:00",
    "end_time": "2026-02-07T09:53:00",
    "room_id": "kitchen",
    "target_object_ids": [
      "microwave_001"
    ],
    "action_type": "interact",
    "description": "使用微波炉加热日式早餐套餐。"
  },
  {
    "activity_id": "act_003",
    "start_time": "2026-02-07T09:53:00",
    "end_time": "2026-02-07T09:57:00",
    "room_id": "kitchen",
    "target_object_ids": [
      "dining_table_001"
    ],
    "action_type": "interact",
    "description": "清洁餐桌，摆放准备好的早餐和咖啡。"
  },
  {
    "activity_id": "act_003",
    "start_time": "2026-02-07T09:57:00",
    "end_time": "2026-02-07T10:15:00",
    "room_id": "kitchen",
    "target_object_ids": [
      "dining_table_001"
    ],
    "action_type": "interact",
    "description": "享用早餐，感受日式料理的美味。"
  },
  {
    "activity_id": "act_004",
    "start_time": "2026-02-07T10:15:00",
    "end_time": "2026-02-07T12:00:00",
    "room_id": "Outside",
    "target_object_ids": [],
    "action_type": "outside",
    "description": "前往咖啡厅，与朋友进行社交互动。"
  },
  {
    "activity_id": "act_005",
    "start_time": "2026-02-07T12:00:00",
    "end_time": "2026-02-07T12:05:00",
    "room_id": "kitchen",
    "target_object_ids": [
      "kitchen_cabinet_001"
    ],
    "action_type": "interact",
    "description": "张辰从厨房柜中取出食材。"
  },
  {
    "activity_id": "act_005",
    "start_time": "2026-02-07T12:05:00",
    "end_time": "2026-02-07T12:10:00",
    "room_id": "kitchen",
    "target_object_ids": [
      "smart_fridge_001"
    ],
    "action_type": "interact",
    "description": "张辰检查并取出冰箱中的食材。"
  },
  {
    "activity_id": "act_005",
    "start_time": "2026-02-07T12:10:00",
    "end_time": "2026-02-07T12:20:00",
    "room_id": "kitchen",
    "target_object_ids": [
      "microwave_001"
    ],
    "action_type": "interact",
    "description": "张辰使用微波炉加热部分食材。"
  },
  {
    "activity_id": "act_005",
    "start_time": "2026-02-07T12:20:00",
    "end_time": "2026-02-07T12:30:00",
    "room_id": "kitchen",
    "target_object_ids": [
      "dining_table_001"
    ],
    "action_type": "interact",
    "description": "张辰将食材摆放在餐桌上进行整理。"
  },
  {
    "activity_id": "act_005",
    "start_time": "2026-02-07T12:30:00",
    "end_time": "2026-02-07T12:50:00",
    "room_id": "kitchen",
    "target_object_ids": [
      "dining_table_001"
    ],
    "action_type": "interact",
    "description": "张辰在餐桌边享用他的午餐，品味日式料理。"
  },
  {
    "activity_id": "act_005",
    "start_time": "2026-02-07T12:50:00",
    "end_time": "2026-02-07T12:55:00",
    "room_id": "kitchen",
    "target_object_ids": [
      "trash_can_001"
    ],
    "action_type": "interact",
    "description": "张辰处理餐后垃圾，保持厨房整洁。"
  },
  {
    "activity_id": "act_005",
    "start_time": "2026-02-07T12:55:00",
    "end_time": "2026-02-07T13:00:00",
    "room_id": "kitchen",
    "target_object_ids": [
      "dishwasher_001"
    ],
    "action_type": "interact",
    "description": "张辰将餐具放入洗碗机并启动清洗程序。"
  },
  {
    "activity_id": "act_006",
    "start_time": "2026-02-07T13:00:00",
    "end_time": "2026-02-07T13:05:00",
    "room_id": "master_bedroom",
    "target_object_ids": [
      "bed_001"
    ],
    "action_type": "interact",
    "description": "张辰进入卧室，准备小憩片刻。"
  },
  {
    "activity_id": "act_006",
    "start_time": "2026-02-07T13:05:00",
    "end_time": "2026-02-07T14:25:00",
    "room_id": "master_bedroom",
    "target_object_ids": [
      "bed_001"
    ],
    "action_type": "idle",
    "description": "张辰在床上小憩，恢复精力。"
  },
  {
    "activity_id": "act_006",
    "start_time": "2026-02-07T14:25:00",
    "end_time": "2026-02-07T14:30:00",
    "room_id": "master_bedroom",
    "target_object_ids": [
      "bed_001"
    ],
    "action_type": "interact",
    "description": "张辰从床上起身，结束了小憩。"
  },
  {
    "activity_id": "act_007",
    "start_time": "2026-02-07T14:30:00",
    "end_time": "2026-02-07T14:32:00",
    "room_id": "living_room",
    "target_object_ids": [],
    "action_type": "move",
    "description": "张辰从卧室前往客厅，准备开始游戏。"
  },
  {
    "activity_id": "act_007",
    "start_time": "2026-02-07T14:32:00",
    "end_time": "2026-02-07T14:35:00",
    "room_id": "living_room",
    "target_object_ids": [
      "game_console_001"
    ],
    "action_type": "interact",
    "description": "张辰启动游戏机，进入游戏界面。"
  },
  {
    "activity_id": "act_007",
    "start_time": "2026-02-07T14:35:00",
    "end_time": "2026-02-07T15:55:00",
    "room_id": "living_room",
    "target_object_ids": [
      "sofa_001",
      "game_console_001"
    ],
    "action_type": "interact",
    "description": "张辰坐在沙发上，专注于游戏体验中。"
  },
  {
    "activity_id": "act_007",
    "start_time": "2026-02-07T15:55:00",
    "end_time": "2026-02-07T16:00:00",
    "room_id": "living_room",
    "target_object_ids": [
      "game_console_001"
    ],
    "action_type": "interact",
    "description": "张辰关闭游戏机并离开沙发。"
  },
  {
    "activity_id": "act_008",
    "start_time": "2026-02-07T16:00:00",
    "end_time": "2026-02-07T16:02:00",
    "room_id": "kitchen",
    "target_object_ids": [],
    "action_type": "move",
    "description": "张辰进入厨房，准备开始晚餐制作。"
  },
  {
    "activity_id": "act_008",
    "start_time": "2026-02-07T16:02:00",
    "end_time": "2026-02-07T16:07:00",
    "room_id": "kitchen",
    "target_object_ids": [
      "smart_fridge_001"
    ],
    "action_type": "interact",
    "description": "张辰打开智能冰箱，检查食材库存。"
  },
  {
    "activity_id": "act_008",
    "start_time": "2026-02-07T16:07:00",
    "end_time": "2026-02-07T16:12:00",
    "room_id": "kitchen",
    "target_object_ids": [
      "kitchen_cabinet_001"
    ],
    "action_type": "interact",
    "description": "张辰从厨房柜里取出需要的烹饪器具。"
  },
  {
    "activity_id": "act_008",
    "start_time": "2026-02-07T16:12:00",
    "end_time": "2026-02-07T16:45:00",
    "room_id": "kitchen",
    "target_object_ids": [
      "dining_table_001"
    ],
    "action_type": "interact",
    "description": "张辰在餐桌上清洗和切割食材。"
  },
  {
    "activity_id": "act_008",
    "start_time": "2026-02-07T16:45:00",
    "end_time": "2026-02-07T17:00:00",
    "room_id": "kitchen",
    "target_object_ids": [
      "microwave_001"
    ],
    "action_type": "interact",
    "description": "张辰将切好的食材放入微波炉，设置适当的加热时间。"
  },
  {
    "activity_id": "act_008",
    "start_time": "2026-02-07T17:00:00",
    "end_time": "2026-02-07T17:10:00",
    "room_id": "kitchen",
    "target_object_ids": [
      "trash_can_001"
    ],
    "action_type": "interact",
    "description": "张辰将垃圾投入垃圾桶，清理烹饪台。"
  },
  {
    "activity_id": "act_008",
    "start_time": "2026-02-07T17:10:00",
    "end_time": "2026-02-07T17:30:00",
    "room_id": "kitchen",
    "target_object_ids": [],
    "action_type": "idle",
    "description": "张辰稍作休息，欣赏刚完成的菜肴。"
  },
  {
    "activity_id": "act_008",
    "start_time": "2026-02-07T17:30:00",
    "end_time": "2026-02-07T18:00:00",
    "room_id": "kitchen",
    "target_object_ids": [
      "kitchen_cabinet_001",
      "dishwasher_001"
    ],
    "action_type": "interact",
    "description": "张辰整理厨房，将用具归位。"
  },
  {
    "activity_id": "act_009",
    "start_time": "2026-02-07T18:00:00",
    "end_time": "2026-02-07T18:05:00",
    "room_id": "living_room",
    "target_object_ids": [
      "smart_tv_001"
    ],
    "action_type": "interact",
    "description": "张辰开启智能电视，准备观看纪录片。"
  },
  {
    "activity_id": "act_009",
    "start_time": "2026-02-07T18:05:00",
    "end_time": "2026-02-07T18:10:00",
    "room_id": "living_room",
    "target_object_ids": [
      "sound_system_001"
    ],
    "action_type": "interact",
    "description": "张辰调整音响系统，优化观影体验。"
  },
  {
    "activity_id": "act_009",
    "start_time": "2026-02-07T18:10:00",
    "end_time": "2026-02-07T19:50:00",
    "room_id": "living_room",
    "target_object_ids": [
      "smart_tv_001"
    ],
    "action_type": "interact",
    "description": "张辰专注于观看科技纪录片，沉浸于内容中。"
  },
  {
    "activity_id": "act_009",
    "start_time": "2026-02-07T19:50:00",
    "end_time": "2026-02-07T19:55:00",
    "room_id": "living_room",
    "target_object_ids": [
      "smart_tv_001"
    ],
    "action_type": "interact",
    "description": "张辰关闭智能电视，结束观看。"
  },
  {
    "activity_id": "act_009",
    "start_time": "2026-02-07T19:55:00",
    "end_time": "2026-02-07T20:00:00",
    "room_id": "living_room",
    "target_object_ids": [
      "sofa_001"
    ],
    "action_type": "idle",
    "description": "张辰稍作休息，回味纪录片内容。"
  },
  {
    "activity_id": "act_010",
    "start_time": "2026-02-07T20:00:00",
    "end_time": "2026-02-07T20:05:00",
    "room_id": "bathroom",
    "target_object_ids": [
      "smart_mirror_001"
    ],
    "action_type": "interact",
    "description": "张辰开启智能镜子，查看天气预报和日程安排。"
  },
  {
    "activity_id": "act_010",
    "start_time": "2026-02-07T20:05:00",
    "end_time": "2026-02-07T20:15:00",
    "room_id": "bathroom",
    "target_object_ids": [
      "sink_cabinet_001"
    ],
    "action_type": "interact",
    "description": "张辰使用洗手台柜进行洗漱，清洁牙齿和面部。"
  },
  {
    "activity_id": "act_010",
    "start_time": "2026-02-07T20:15:00",
    "end_time": "2026-02-07T20:25:00",
    "room_id": "bathroom",
    "target_object_ids": [
      "sink_cabinet_001"
    ],
    "action_type": "interact",
    "description": "张辰整理洗漱用品并稍作休息，顺便清理洗手台。"
  },
  {
    "activity_id": "act_010",
    "start_time": "2026-02-07T20:25:00",
    "end_time": "2026-02-07T20:30:00",
    "room_id": "bathroom",
    "target_object_ids": [],
    "action_type": "idle",
    "description": "张辰关闭智能镜子后稍作休息，浴室整洁有序。"
  },
  {
    "activity_id": "act_011",
    "start_time": "2026-02-07T20:30:00",
    "end_time": "2026-02-07T20:35:00",
    "room_id": "master_bedroom",
    "target_object_ids": [
      "blackout_curtain_001"
    ],
    "action_type": "interact",
    "description": "张辰拉上卧室的遮光窗帘，为休息做好准备。"
  },
  {
    "activity_id": "act_011",
    "start_time": "2026-02-07T20:35:00",
    "end_time": "2026-02-07T20:40:00",
    "room_id": "master_bedroom",
    "target_object_ids": [
      "air_purifier_001"
    ],
    "action_type": "interact",
    "description": "张辰调整空气净化器的设置以营造舒适的睡眠环境。"
  },
  {
    "activity_id": "act_011",
    "start_time": "2026-02-07T20:40:00",
    "end_time": "2026-02-07T20:45:00",
    "room_id": "master_bedroom",
    "target_object_ids": [
      "smart_lamp_001"
    ],
    "action_type": "interact",
    "description": "张辰设定智能台灯为柔和的夜灯模式。"
  },
  {
    "activity_id": "act_011",
    "start_time": "2026-02-07T20:45:00",
    "end_time": "2026-02-08T08:50:00",
    "room_id": "master_bedroom",
    "target_object_ids": [
      "bed_001"
    ],
    "action_type": "interact",
    "description": "张辰进入床上，调整好睡姿并准备休息。"
  },
  {
    "activity_id": "act_011",
    "start_time": "2026-02-08T08:50:00",
    "end_time": "2026-02-08T09:00:00",
    "room_id": "master_bedroom",
    "target_object_ids": [
      "blackout_curtain_001"
    ],
    "action_type": "interact",
    "description": "张辰拉开窗帘，迎接新的一天。"
  }
]