[
  {
    "activity_id": "act_001",
    "start_time": "2026-02-14T09:00:00",
    "end_time": "2026-02-14T09:05:00",
    "room_id": "master_bedroom",
    "target_object_ids": [
      "bed_001"
    ],
    "action_type": "interact",
    "description": "张辰起身从床上下来，开始新的一天。"
  },
  {
    "activity_id": "act_001",
    "start_time": "2026-02-14T09:05:00",
    "end_time": "2026-02-14T09:10:00",
    "room_id": "master_bedroom",
    "target_object_ids": [
      "blackout_curtain_001"
    ],
    "action_type": "interact",
    "description": "张辰拉开窗帘，让阳光洒进房间。"
  },
  {
    "activity_id": "act_001",
    "start_time": "2026-02-14T09:10:00",
    "end_time": "2026-02-14T09:15:00",
    "room_id": "master_bedroom",
    "target_object_ids": [
      "air_purifier_001"
    ],
    "action_type": "interact",
    "description": "张辰开启空气净化器，改善室内空气质量。"
  },
  {
    "activity_id": "act_001",
    "start_time": "2026-02-14T09:15:00",
    "end_time": "2026-02-14T09:25:00",
    "room_id": "master_bedroom",
    "target_object_ids": [
      "bed_001"
    ],
    "action_type": "interact",
    "description": "张辰整理床铺，使房间整洁。"
  },
  {
    "activity_id": "act_001",
    "start_time": "2026-02-14T09:25:00",
    "end_time": "2026-02-14T09:30:00",
    "room_id": "master_bedroom",
    "target_object_ids": [
      "nightstand_001"
    ],
    "action_type": "interact",
    "description": "张辰检查床头柜的物品，完成晨间准备。"
  },
  {
    "activity_id": "act_002",
    "start_time": "2026-02-14T09:30:00",
    "end_time": "2026-02-14T09:33:00",
    "room_id": "kitchen",
    "target_object_ids": [
      "smart_fridge_001"
    ],
    "action_type": "interact",
    "description": "张辰打开智能冰箱，取出酸奶和水果。"
  },
  {
    "activity_id": "act_002",
    "start_time": "2026-02-14T09:33:00",
    "end_time": "2026-02-14T09:35:00",
    "room_id": "kitchen",
    "target_object_ids": [
      "kitchen_cabinet_001"
    ],
    "action_type": "interact",
    "description": "张辰打开厨房柜，取出低糖谷物。"
  },
  {
    "activity_id": "act_002",
    "start_time": "2026-02-14T09:35:00",
    "end_time": "2026-02-14T09:40:00",
    "room_id": "kitchen",
    "target_object_ids": [
      "dining_table_001"
    ],
    "action_type": "interact",
    "description": "张辰将酸奶、水果和谷物放到餐桌上并摆盘。"
  },
  {
    "activity_id": "act_002",
    "start_time": "2026-02-14T09:40:00",
    "end_time": "2026-02-14T09:58:00",
    "room_id": "kitchen",
    "target_object_ids": [
      "dining_table_001"
    ],
    "action_type": "interact",
    "description": "张辰坐在餐桌旁开始享用早餐。"
  },
  {
    "activity_id": "act_002",
    "start_time": "2026-02-14T09:58:00",
    "end_time": "2026-02-14T10:00:00",
    "room_id": "kitchen",
    "target_object_ids": [
      "trash_can_001"
    ],
    "action_type": "interact",
    "description": "张辰将用过的包装和垃圾投入垃圾桶。"
  },
  {
    "activity_id": "act_003",
    "start_time": "2026-02-14T10:00:00",
    "end_time": "2026-02-14T10:01:00",
    "room_id": "living_room",
    "target_object_ids": [],
    "action_type": "idle",
    "description": "进入客厅准备开始清洁活动。"
  },
  {
    "activity_id": "act_003",
    "start_time": "2026-02-14T10:01:00",
    "end_time": "2026-02-14T10:20:00",
    "room_id": "living_room",
    "target_object_ids": [
      "robot_vacuum_001"
    ],
    "action_type": "interact",
    "description": "启动扫地机器人以清洁地面。"
  },
  {
    "activity_id": "act_003",
    "start_time": "2026-02-14T10:20:00",
    "end_time": "2026-02-14T10:40:00",
    "room_id": "living_room",
    "target_object_ids": [
      "bookshelf_001"
    ],
    "action_type": "interact",
    "description": "整理书架上的书籍和物品。"
  },
  {
    "activity_id": "act_003",
    "start_time": "2026-02-14T10:40:00",
    "end_time": "2026-02-14T10:58:00",
    "room_id": "living_room",
    "target_object_ids": [
      "shoe_cabinet_001"
    ],
    "action_type": "interact",
    "description": "整理鞋柜中的鞋子和相关物品。"
  },
  {
    "activity_id": "act_003",
    "start_time": "2026-02-14T10:58:00",
    "end_time": "2026-02-14T11:00:00",
    "room_id": "living_room",
    "target_object_ids": [],
    "action_type": "idle",
    "description": "结束清洁活动并休息片刻。"
  },
  {
    "activity_id": "act_004",
    "start_time": "2026-02-14T11:00:00",
    "end_time": "2026-02-14T11:02:00",
    "room_id": "living_room",
    "target_object_ids": [
      "sofa_001"
    ],
    "action_type": "interact",
    "description": "张辰坐在沙发上，为观看纪录片做好准备。"
  },
  {
    "activity_id": "act_004",
    "start_time": "2026-02-14T11:02:00",
    "end_time": "2026-02-14T11:05:00",
    "room_id": "living_room",
    "target_object_ids": [
      "smart_tv_001"
    ],
    "action_type": "interact",
    "description": "启动智能电视，并选择纪录片播放。"
  },
  {
    "activity_id": "act_004",
    "start_time": "2026-02-14T11:05:00",
    "end_time": "2026-02-14T12:25:00",
    "room_id": "living_room",
    "target_object_ids": [
      "smart_tv_001"
    ],
    "action_type": "interact",
    "description": "开始观看关于未来科技的纪录片，沉浸其中。"
  },
  {
    "activity_id": "act_004",
    "start_time": "2026-02-14T12:25:00",
    "end_time": "2026-02-14T12:28:00",
    "room_id": "living_room",
    "target_object_ids": [
      "smart_tv_001"
    ],
    "action_type": "interact",
    "description": "纪录片播放结束，关闭智能电视。"
  },
  {
    "activity_id": "act_004",
    "start_time": "2026-02-14T12:28:00",
    "end_time": "2026-02-14T12:30:00",
    "room_id": "living_room",
    "target_object_ids": [
      "sofa_001"
    ],
    "action_type": "interact",
    "description": "从沙发上起身，结束观看活动。"
  },
  {
    "activity_id": "act_005",
    "start_time": "2026-02-14T12:30:00",
    "end_time": "2026-02-14T12:31:00",
    "room_id": "kitchen",
    "target_object_ids": [],
    "action_type": "move",
    "description": "用户从客厅移动到厨房开始午餐准备。"
  },
  {
    "activity_id": "act_005",
    "start_time": "2026-02-14T12:31:00",
    "end_time": "2026-02-14T12:35:00",
    "room_id": "kitchen",
    "target_object_ids": [
      "smart_fridge_001"
    ],
    "action_type": "interact",
    "description": "用户打开冰箱检查库存食材。"
  },
  {
    "activity_id": "act_005",
    "start_time": "2026-02-14T12:35:00",
    "end_time": "2026-02-14T12:40:00",
    "room_id": "kitchen",
    "target_object_ids": [
      "kitchen_cabinet_001"
    ],
    "action_type": "interact",
    "description": "用户从厨房柜中拿出烹饪工具和调料。"
  },
  {
    "activity_id": "act_005",
    "start_time": "2026-02-14T12:40:00",
    "end_time": "2026-02-14T12:50:00",
    "room_id": "kitchen",
    "target_object_ids": [
      "microwave_001"
    ],
    "action_type": "interact",
    "description": "用户使用微波炉加热味噌汤。"
  },
  {
    "activity_id": "act_005",
    "start_time": "2026-02-14T12:50:00",
    "end_time": "2026-02-14T13:20:00",
    "room_id": "kitchen",
    "target_object_ids": [
      "dining_table_001"
    ],
    "action_type": "interact",
    "description": "用户在餐桌上摆放餐具并开始享用餐点。"
  },
  {
    "activity_id": "act_005",
    "start_time": "2026-02-14T13:20:00",
    "end_time": "2026-02-14T13:30:00",
    "room_id": "kitchen",
    "target_object_ids": [
      "dishwasher_001"
    ],
    "action_type": "interact",
    "description": "用户清理餐桌并将餐具放入洗碗机。"
  },
  {
    "activity_id": "act_006",
    "start_time": "2026-02-14T13:30:00",
    "end_time": "2026-02-14T13:32:00",
    "room_id": "study_room",
    "target_object_ids": [
      "bookshelf_002"
    ],
    "action_type": "interact",
    "description": "从书架上取下目标书籍。"
  },
  {
    "activity_id": "act_006",
    "start_time": "2026-02-14T13:32:00",
    "end_time": "2026-02-14T13:34:00",
    "room_id": "study_room",
    "target_object_ids": [
      "ergonomic_chair_001",
      "desk_001",
      "dual_monitor_001"
    ],
    "action_type": "interact",
    "description": "坐在人体工学椅上，将书籍放在桌面，并调整显示器以用于记录笔记。"
  },
  {
    "activity_id": "act_006",
    "start_time": "2026-02-14T13:34:00",
    "end_time": "2026-02-14T13:36:00",
    "room_id": "study_room",
    "target_object_ids": [
      "dual_monitor_001"
    ],
    "action_type": "interact",
    "description": "打开双屏显示器以便记录阅读心得。"
  },
  {
    "activity_id": "act_006",
    "start_time": "2026-02-14T13:36:00",
    "end_time": "2026-02-14T14:30:00",
    "room_id": "study_room",
    "target_object_ids": [
      "desk_001",
      "dual_monitor_001"
    ],
    "action_type": "interact",
    "description": "安静地阅读书籍并在显示器上记录要点。"
  },
  {
    "activity_id": "act_006",
    "start_time": "2026-02-14T14:30:00",
    "end_time": "2026-02-14T14:32:00",
    "room_id": "study_room",
    "target_object_ids": [
      "smart_speaker_001"
    ],
    "action_type": "interact",
    "description": "启动智能音箱播放背景音乐以提高专注力。"
  },
  {
    "activity_id": "act_006",
    "start_time": "2026-02-14T14:32:00",
    "end_time": "2026-02-14T14:58:00",
    "room_id": "study_room",
    "target_object_ids": [
      "desk_001",
      "dual_monitor_001"
    ],
    "action_type": "interact",
    "description": "继续阅读并记录笔记。"
  },
  {
    "activity_id": "act_006",
    "start_time": "2026-02-14T14:58:00",
    "end_time": "2026-02-14T14:59:00",
    "room_id": "study_room",
    "target_object_ids": [
      "dual_monitor_001"
    ],
    "action_type": "interact",
    "description": "关闭显示器以结束记录。"
  },
  {
    "activity_id": "act_006",
    "start_time": "2026-02-14T14:59:00",
    "end_time": "2026-02-14T15:00:00",
    "room_id": "study_room",
    "target_object_ids": [
      "bookshelf_002"
    ],
    "action_type": "interact",
    "description": "将书本归回书架。"
  },
  {
    "activity_id": "act_007",
    "start_time": "2026-02-14T15:00:00",
    "end_time": "2026-02-14T15:01:00",
    "room_id": "living_room",
    "target_object_ids": [],
    "action_type": "move",
    "description": "从书房走到客厅以准备运动。"
  },
  {
    "activity_id": "act_007",
    "start_time": "2026-02-14T15:01:00",
    "end_time": "2026-02-14T15:03:00",
    "room_id": "living_room",
    "target_object_ids": [],
    "action_type": "interact",
    "description": "设置动感单车设备，并调整位置以便运动。"
  },
  {
    "activity_id": "act_007",
    "start_time": "2026-02-14T15:03:00",
    "end_time": "2026-02-14T15:05:00",
    "room_id": "living_room",
    "target_object_ids": [
      "sound_system_001"
    ],
    "action_type": "interact",
    "description": "打开音响系统并播放电子音乐以营造氛围。"
  },
  {
    "activity_id": "act_007",
    "start_time": "2026-02-14T15:05:00",
    "end_time": "2026-02-14T16:25:00",
    "room_id": "living_room",
    "target_object_ids": [],
    "action_type": "interact",
    "description": "进行动感单车锻炼以保持健康。"
  },
  {
    "activity_id": "act_007",
    "start_time": "2026-02-14T16:25:00",
    "end_time": "2026-02-14T16:27:00",
    "room_id": "living_room",
    "target_object_ids": [
      "sound_system_001"
    ],
    "action_type": "interact",
    "description": "关闭音响以结束音乐播放。"
  },
  {
    "activity_id": "act_007",
    "start_time": "2026-02-14T16:27:00",
    "end_time": "2026-02-14T16:30:00",
    "room_id": "living_room",
    "target_object_ids": [],
    "action_type": "interact",
    "description": "整理动感单车设备并清理场地。"
  },
  {
    "activity_id": "act_008",
    "start_time": "2026-02-14T16:30:00",
    "end_time": "2026-02-14T16:32:00",
    "room_id": "living_room",
    "target_object_ids": [
      "sofa_001"
    ],
    "action_type": "interact",
    "description": "坐到沙发上准备放松。"
  },
  {
    "activity_id": "act_008",
    "start_time": "2026-02-14T16:32:00",
    "end_time": "2026-02-14T16:33:00",
    "room_id": "living_room",
    "target_object_ids": [
      "coffee_table_001"
    ],
    "action_type": "interact",
    "description": "从咖啡桌上拿起一杯茶水，准备享用。"
  },
  {
    "activity_id": "act_008",
    "start_time": "2026-02-14T16:33:00",
    "end_time": "2026-02-14T16:45:00",
    "room_id": "living_room",
    "target_object_ids": [
      "sofa_001"
    ],
    "action_type": "interact",
    "description": "坐在沙发上闭目养神，缓解疲劳，同时品尝茶水。"
  },
  {
    "activity_id": "act_008",
    "start_time": "2026-02-14T16:45:00",
    "end_time": "2026-02-14T16:48:15",
    "room_id": "living_room",
    "target_object_ids": [
      "coffee_table_001"
    ],
    "action_type": "interact",
    "description": "将茶水杯放回咖啡桌上，整理心情。"
  },
  {
    "activity_id": "act_008",
    "start_time": "2026-02-14T16:48:15",
    "end_time": "2026-02-14T17:00:00",
    "room_id": "living_room",
    "target_object_ids": [
      "sofa_001"
    ],
    "action_type": "interact",
    "description": "继续在沙发上放松，思考未来计划。"
  },
  {
    "activity_id": "act_009",
    "start_time": "2026-02-14T17:00:00",
    "end_time": "2026-02-14T17:05:00",
    "room_id": "kitchen",
    "target_object_ids": [
      "smart_fridge_001"
    ],
    "action_type": "interact",
    "description": "打开冰箱取出所需食材。"
  },
  {
    "activity_id": "act_009",
    "start_time": "2026-02-14T17:05:00",
    "end_time": "2026-02-14T17:10:00",
    "room_id": "kitchen",
    "target_object_ids": [
      "kitchen_cabinet_001"
    ],
    "action_type": "interact",
    "description": "从厨房柜中取出烹饪工具。"
  },
  {
    "activity_id": "act_009",
    "start_time": "2026-02-14T17:10:00",
    "end_time": "2026-02-14T17:30:00",
    "room_id": "kitchen",
    "target_object_ids": [
      "dining_table_001"
    ],
    "action_type": "interact",
    "description": "将食材放置于餐桌进行切菜准备。"
  },
  {
    "activity_id": "act_009",
    "start_time": "2026-02-14T17:30:00",
    "end_time": "2026-02-14T17:45:00",
    "room_id": "kitchen",
    "target_object_ids": [
      "microwave_001"
    ],
    "action_type": "interact",
    "description": "使用微波炉加热部分食材。"
  },
  {
    "activity_id": "act_009",
    "start_time": "2026-02-14T17:45:00",
    "end_time": "2026-02-14T18:00:00",
    "room_id": "kitchen",
    "target_object_ids": [
      "dishwasher_001"
    ],
    "action_type": "interact",
    "description": "清理使用过的工具和餐具。"
  },
  {
    "activity_id": "act_009",
    "start_time": "2026-02-14T18:00:00",
    "end_time": "2026-02-14T18:30:00",
    "room_id": "kitchen",
    "target_object_ids": [
      "trash_can_001"
    ],
    "action_type": "interact",
    "description": "处理烹饪过程中产生的废料。"
  },
  {
    "activity_id": "act_010",
    "start_time": "2026-02-14T18:30:00",
    "end_time": "2026-02-14T18:35:00",
    "room_id": "kitchen",
    "target_object_ids": [
      "smart_fridge_001"
    ],
    "action_type": "interact",
    "description": "打开智能冰箱并检查食材情况。"
  },
  {
    "activity_id": "act_010",
    "start_time": "2026-02-14T18:35:00",
    "end_time": "2026-02-14T18:45:00",
    "room_id": "kitchen",
    "target_object_ids": [
      "microwave_001"
    ],
    "action_type": "interact",
    "description": "使用微波炉加热晚餐。"
  },
  {
    "activity_id": "act_010",
    "start_time": "2026-02-14T18:45:00",
    "end_time": "2026-02-14T18:50:00",
    "room_id": "kitchen",
    "target_object_ids": [
      "dining_table_001"
    ],
    "action_type": "interact",
    "description": "在餐桌上摆放食物和餐具。"
  },
  {
    "activity_id": "act_010",
    "start_time": "2026-02-14T18:50:00",
    "end_time": "2026-02-14T19:20:00",
    "room_id": "kitchen",
    "target_object_ids": [
      "dining_table_001"
    ],
    "action_type": "interact",
    "description": "坐在餐桌旁享用晚餐，同时播放轻音乐放松。"
  },
  {
    "activity_id": "act_010",
    "start_time": "2026-02-14T19:20:00",
    "end_time": "2026-02-14T19:30:00",
    "room_id": "kitchen",
    "target_object_ids": [
      "trash_can_001"
    ],
    "action_type": "interact",
    "description": "清理晚餐后的废弃物。"
  },
  {
    "activity_id": "act_011",
    "start_time": "2026-02-14T19:30:00",
    "end_time": "2026-02-14T19:35:00",
    "room_id": "living_room",
    "target_object_ids": [
      "game_console_001"
    ],
    "action_type": "interact",
    "description": "启动游戏机以准备桌游活动。"
  },
  {
    "activity_id": "act_011",
    "start_time": "2026-02-14T19:35:00",
    "end_time": "2026-02-14T19:40:00",
    "room_id": "living_room",
    "target_object_ids": [
      "sound_system_001"
    ],
    "action_type": "interact",
    "description": "开启音响系统并播放爵士音乐以营造氛围。"
  },
  {
    "activity_id": "act_011",
    "start_time": "2026-02-14T19:40:00",
    "end_time": "2026-02-14T19:45:00",
    "room_id": "living_room",
    "target_object_ids": [
      "coffee_table_001"
    ],
    "action_type": "interact",
    "description": "在咖啡桌上摆放桌游物品供使用。"
  },
  {
    "activity_id": "act_011",
    "start_time": "2026-02-14T19:45:00",
    "end_time": "2026-02-14T22:25:00",
    "room_id": "living_room",
    "target_object_ids": [
      "sofa_001"
    ],
    "action_type": "interact",
    "description": "坐在沙发上与朋友进行桌游互动。"
  },
  {
    "activity_id": "act_011",
    "start_time": "2026-02-14T22:25:00",
    "end_time": "2026-02-14T22:30:00",
    "room_id": "living_room",
    "target_object_ids": [
      "sound_system_001"
    ],
    "action_type": "interact",
    "description": "关闭音响系统以结束活动。"
  },
  {
    "activity_id": "act_012",
    "start_time": "2026-02-14T22:30:00",
    "end_time": "2026-02-14T22:32:00",
    "room_id": "master_bedroom",
    "target_object_ids": [
      "blackout_curtain_001"
    ],
    "action_type": "interact",
    "description": "关闭主卧的遮光窗帘以营造睡眠环境。"
  },
  {
    "activity_id": "act_012",
    "start_time": "2026-02-14T22:32:00",
    "end_time": "2026-02-14T22:34:00",
    "room_id": "master_bedroom",
    "target_object_ids": [
      "smart_lamp_001"
    ],
    "action_type": "interact",
    "description": "调整智能台灯的亮度至适合阅读的状态。"
  },
  {
    "activity_id": "act_012",
    "start_time": "2026-02-14T22:34:00",
    "end_time": "2026-02-14T23:30:00",
    "room_id": "master_bedroom",
    "target_object_ids": [
      "bed_001"
    ],
    "action_type": "interact",
    "description": "在床上阅读书籍，放松心情。"
  },
  {
    "activity_id": "act_012",
    "start_time": "2026-02-14T23:30:00",
    "end_time": "2026-02-14T23:32:00",
    "room_id": "master_bedroom",
    "target_object_ids": [
      "smart_lamp_001"
    ],
    "action_type": "interact",
    "description": "关闭智能台灯，为即将入睡做好准备。"
  },
  {
    "activity_id": "act_012",
    "start_time": "2026-02-14T23:32:00",
    "end_time": "2026-02-15T00:00:00",
    "room_id": "master_bedroom",
    "target_object_ids": [
      "bed_001"
    ],
    "action_type": "interact",
    "description": "躺在床上，调整至舒适的睡眠姿势。"
  },
  {
    "activity_id": "act_013",
    "start_time": "2026-02-15T00:00:00",
    "end_time": "2026-02-15T07:30:00",
    "room_id": "master_bedroom",
    "target_object_ids": [
      "bed_001"
    ],
    "action_type": "interact",
    "description": "调整睡眠姿势，进入深度睡眠状态。"
  },
  {
    "activity_id": "act_013",
    "start_time": "2026-02-15T07:30:00",
    "end_time": "2026-02-15T09:00:00",
    "room_id": "master_bedroom",
    "target_object_ids": [
      "bed_001"
    ],
    "action_type": "interact",
    "description": "逐渐醒来，调整至坐姿，准备开始一天。"
  }
]