{
  "current_date": "2026-02-06",
  "day_of_week": "Friday",
  "day_type": "workday",
  "simulation_state": "Normal",
  "previous_day_summary": "张辰昨晚按时入睡，睡眠时长为7.5小时，达到了良好的休息标准；白天完成了项目会议和健身训练等活动，体能消耗合理，晚间通过观影放松身心，整体状态积极向上。",
  "previous_day_snapshot": {
    "agent_location": "master_bedroom",
    "device_states": {
      "blackout_curtain_001": {
        "power": "unknown"
      },
      "bed_001": {
        "power": "unknown"
      },
      "smart_lamp_001": {
        "power": "off"
      },
      "sofa_001": {
        "power": "unknown"
      },
      "smart_fridge_001": {
        "power": "on"
      },
      "microwave_001": {
        "power": "off"
      },
      "dining_table_001": {
        "power": "unknown"
      },
      "trash_can_001": {
        "power": "unknown"
      },
      "dual_monitor_001": {
        "power": "off"
      },
      "ergonomic_chair_001": {
        "power": "unknown"
      },
      "desk_001": {
        "power": "unknown"
      },
      "kitchen_counter": {
        "power": "unknown"
      },
      "knife_set": {
        "power": "unknown"
      },
      "cutting_board": {
        "power": "unknown"
      },
      "dining_table": {
        "power": "off"
      },
      "chair": {
        "power": "off"
      },
      "sink": {
        "power": "unknown"
      },
      "laptop": {
        "power": "off"
      },
      "coffee_machine": {
        "power": "off"
      },
      "kitchen_cabinet_001": {
        "power": "unknown"
      },
      "smart_tv_001": {
        "power": "unknown"
      },
      "sound_system_001": {
        "power": "off"
      },
      "nightstand_001": {
        "power": "unknown"
      },
      "air_purifier_001": {
        "power": "off"
      }
    },
    "physiology": {
      "fatigue": 0.25,
      "hunger": 0.5
    }
  },
  "agent_state": {
    "mood": "neutral",
    "energy": 0.95,
    "stress": 0.0,
    "hunger": 0.5,
    "health": "ok",
    "notes": ""
  },
  "agent_state_stage": "after_events",
  "day_start_time": "2026-02-06T07:00:00",
  "day_end_time": "2026-02-07T09:00:00",
  "random_event": "",
  "emergency_event": "",
  "random_event_count": 0,
  "emergency_event_count": 0
}