{
  "current_date": "2026-02-13",
  "day_of_week": "Friday",
  "day_type": "workday",
  "simulation_state": "Normal",
  "previous_day_summary": "昨日，张辰按照常规时间起床和入睡，睡眠时长充足；日间参与了正常的工作与社交活动。然而，晚间发生意外跌倒，导致身体不适并需联系医疗服务处理。",
  "previous_day_snapshot": {
    "agent_location": "master_bedroom",
    "device_states": {
      "bed_001": {
        "power": "unknown"
      },
      "blackout_curtain_001": {
        "power": "unknown"
      },
      "sink_cabinet_001": {
        "power": "unknown"
      },
      "smart_mirror_001": {
        "power": "off"
      },
      "washing_machine_001": {
        "power": "unknown"
      },
      "dryer_001": {
        "power": "off"
      },
      "smart_fridge_001": {
        "power": "unknown"
      },
      "microwave_001": {
        "power": "unknown"
      },
      "dining_table_001": {
        "power": "unknown"
      },
      "sofa_001": {
        "power": "unknown"
      },
      "coffee_table_001": {
        "power": "unknown"
      },
      "smart_lamp_001": {
        "power": "on"
      },
      "air_purifier_001": {
        "power": "off"
      }
    },
    "physiology": {
      "fatigue": 0.20000000000000007,
      "hunger": 1.0
    }
  },
  "agent_state": {
    "mood": "neutral",
    "energy": 0.8,
    "stress": 0.6,
    "hunger": 1.0,
    "health": "unwell",
    "notes": ""
  },
  "agent_state_stage": "after_events",
  "day_start_time": "2026-02-13T07:00:00",
  "day_end_time": "2026-02-14T09:00:00",
  "random_event": "",
  "emergency_event": "",
  "random_event_count": 0,
  "emergency_event_count": 0
}