{
  "current_date": "2026-02-15",
  "day_of_week": "Sunday",
  "day_type": "weekend",
  "simulation_state": "Perturbed",
  "previous_day_summary": "昨日，张辰睡眠时间为9小时，较为充足，但入睡时间为凌晨0点，较平日稍显延迟；进行了一次中等强度室内动感单车锻炼并社交桌游活动至深夜，整体身心状态保持良好。",
  "previous_day_snapshot": {
    "agent_location": "master_bedroom",
    "device_states": {
      "bed_001": {
        "power": "unknown"
      },
      "blackout_curtain_001": {
        "power": "unknown"
      },
      "air_purifier_001": {
        "power": "off"
      },
      "nightstand_001": {
        "power": "unknown"
      },
      "smart_fridge_001": {
        "power": "on"
      },
      "kitchen_cabinet_001": {
        "power": "unknown"
      },
      "dining_table_001": {
        "power": "unknown"
      },
      "trash_can_001": {
        "power": "unknown"
      },
      "robot_vacuum_001": {
        "power": "unknown"
      },
      "bookshelf_001": {
        "power": "unknown"
      },
      "shoe_cabinet_001": {
        "power": "unknown"
      },
      "sofa_001": {
        "power": "unknown"
      },
      "smart_tv_001": {
        "power": "off"
      },
      "microwave_001": {
        "power": "off"
      },
      "dishwasher_001": {
        "power": "off"
      },
      "bookshelf_002": {
        "power": "unknown"
      },
      "ergonomic_chair_001": {
        "power": "unknown"
      },
      "desk_001": {
        "power": "unknown"
      },
      "dual_monitor_001": {
        "power": "off"
      },
      "smart_speaker_001": {
        "power": "off"
      },
      "sound_system_001": {
        "power": "off"
      },
      "coffee_table_001": {
        "power": "unknown"
      },
      "game_console_001": {
        "power": "off"
      },
      "smart_lamp_001": {
        "power": "off"
      }
    },
    "physiology": {
      "fatigue": 0.10000000000000007,
      "hunger": 1.0
    }
  },
  "agent_state": {
    "mood": "neutral",
    "energy": 1.0,
    "stress": 0.0,
    "hunger": 1.0,
    "health": "ok",
    "notes": ""
  },
  "agent_state_stage": "after_events",
  "day_start_time": "2026-02-15T09:00:00",
  "day_end_time": "2026-02-16T07:00:00",
  "random_event": "",
  "emergency_event": "",
  "random_event_count": 1,
  "emergency_event_count": 0
}