{
  "current_date": "2026-02-12",
  "day_of_week": "Thursday",
  "day_type": "workday",
  "simulation_state": "Crisis",
  "previous_day_summary": "张辰昨日按照常规作息起床与睡眠，总体睡眠时长达标；进行正常工作与社交活动，包括健身训练与专业学习，整体状态良好且充实。",
  "previous_day_snapshot": {
    "agent_location": "master_bedroom",
    "device_states": {
      "bed_001": {
        "power": "unknown"
      },
      "blackout_curtain_001": {
        "power": "unknown"
      },
      "smart_fridge_001": {
        "power": "on"
      },
      "microwave_001": {
        "power": "off"
      },
      "dining_table_001": {
        "power": "unknown"
      },
      "sofa_001": {
        "power": "unknown"
      },
      "smart_tv_001": {
        "power": "unknown"
      },
      "sound_system_001": {
        "power": "off"
      },
      "dual_monitor_001": {
        "power": "off"
      },
      "smart_speaker_001": {
        "power": "unknown"
      },
      "ergonomic_chair_001": {
        "power": "unknown"
      },
      "game_console_001": {
        "power": "off"
      },
      "smart_lamp_001": {
        "power": "off"
      }
    },
    "physiology": {
      "fatigue": 0.25000000000000006,
      "hunger": 1.0
    }
  },
  "agent_state": {
    "mood": "low",
    "energy": 0.75,
    "stress": 0.3,
    "hunger": 1.0,
    "health": "unwell",
    "notes": ""
  },
  "agent_state_stage": "after_events",
  "day_start_time": "2026-02-12T07:00:00",
  "day_end_time": "2026-02-13T07:00:00",
  "random_event": "",
  "emergency_event": "",
  "random_event_count": 0,
  "emergency_event_count": 1
}