{
  "current_date": "2026-02-14",
  "day_of_week": "Saturday",
  "day_type": "weekend",
  "simulation_state": "Normal",
  "previous_day_summary": "居民张辰昨日睡眠时间为10小时，较常规周末睡眠时间稍长，且整体作息规律。上午进行轻度伸展活动与工作，下午团队聚餐后放松，未出现明显异常行为。",
  "previous_day_snapshot": {
    "agent_location": "master_bedroom",
    "device_states": {
      "bed_001": {
        "power": "unknown"
      },
      "blackout_curtain_001": {
        "power": "unknown"
      },
      "smart_lamp_001": {
        "power": "off"
      },
      "smart_fridge_001": {
        "power": "unknown"
      },
      "kitchen_cabinet_001": {
        "power": "unknown"
      },
      "microwave_001": {
        "power": "off"
      },
      "dining_table_001": {
        "power": "unknown"
      },
      "ergonomic_chair_001": {
        "power": "off"
      },
      "dual_monitor_001": {
        "power": "off"
      },
      "desk_001": {
        "power": "off"
      },
      "smart_speaker_001": {
        "power": "unknown"
      },
      "sofa_001": {
        "power": "unknown"
      },
      "robot_vacuum_001": {
        "power": "off"
      },
      "printer_001": {
        "power": "off"
      },
      "bookshelf_002": {
        "power": "unknown"
      },
      "sink_cabinet_001": {
        "power": "unknown"
      },
      "smart_mirror_001": {
        "power": "off"
      },
      "wardrobe_001": {
        "power": "unknown"
      },
      "air_purifier_001": {
        "power": "off"
      },
      "shoe_cabinet_001": {
        "power": "unknown"
      },
      "sound_system_001": {
        "power": "off"
      }
    },
    "physiology": {
      "fatigue": 0.15000000000000008,
      "hunger": 1.0
    }
  },
  "agent_state": {
    "mood": "neutral",
    "energy": 1.0,
    "stress": 0.0,
    "hunger": 1.0,
    "health": "ok",
    "notes": ""
  },
  "agent_state_stage": "after_events",
  "day_start_time": "2026-02-14T09:00:00",
  "day_end_time": "2026-02-15T09:00:00",
  "random_event": "",
  "emergency_event": "",
  "random_event_count": 0,
  "emergency_event_count": 0
}