{
  "current_date": "2026-02-09",
  "day_of_week": "Monday",
  "day_type": "workday",
  "simulation_state": "Normal",
  "previous_day_summary": "张辰昨晚睡眠时间为8小时，与平日作息一致，睡眠质量较高；全天活动包括健康饮食、工作任务与娱乐时间，未出现明显身体或情绪异常。",
  "previous_day_snapshot": {
    "agent_location": "master_bedroom",
    "device_states": {
      "bed_001": {
        "power": "unknown"
      },
      "blackout_curtain_001": {
        "power": "unknown"
      },
      "smart_fridge_001": {
        "power": "on"
      },
      "dining_table_001": {
        "power": "unknown"
      },
      "sofa_001": {
        "power": "off"
      },
      "smart_tv_001": {
        "power": "off"
      },
      "coffee_table_001": {
        "power": "unknown"
      },
      "wardrobe_001": {
        "power": "unknown"
      },
      "laundry_rack_001": {
        "power": "unknown"
      },
      "microwave_001": {
        "power": "off"
      },
      "trash_can_001": {
        "power": "unknown"
      },
      "dual_monitor_001": {
        "power": "off"
      },
      "desk_001": {
        "power": "unknown"
      },
      "kitchen_cabinet_001": {
        "power": "unknown"
      },
      "game_console_001": {
        "power": "off"
      },
      "smart_lamp_001": {
        "power": "off"
      },
      "air_purifier_001": {
        "power": "off"
      }
    },
    "physiology": {
      "fatigue": 0.4,
      "hunger": 1.0
    }
  },
  "agent_state": {
    "mood": "neutral",
    "energy": 0.6,
    "stress": 0.3,
    "hunger": 1.0,
    "health": "ok",
    "notes": ""
  },
  "agent_state_stage": "after_events",
  "day_start_time": "2026-02-09T07:00:00",
  "day_end_time": "2026-02-10T07:00:00",
  "random_event": "",
  "emergency_event": "",
  "random_event_count": 0,
  "emergency_event_count": 0
}